time,lambda_0,lambda_1
0.1127981971,17.39955378,5.024999529
0.1966105996,5.510169439,20.99966717
0.212218703,4.797439926,32.707868
0.2219320023,19.09723004,27.84574458
0.2279192699,17.28197216,41.26676801
0.2774981938,8.163457122,34.45074062
0.2825031397,7.677652111,47.6448532
0.2949878122,21.24949167,38.2517672
0.3020561858,33.4726338,33.89847596
0.389796562,8.082597779,25.99262217
0.3917253974,22.54406638,25.22907073
0.412160382,15.92984408,34.4403912
0.4681123185,7.076051515,30.61088243
0.4828128236,6.001637275,40.08538245
0.5402482379,3.802381541,32.11946287
0.5417246306,3.802542088,47.33014985
0.5500112989,3.670808526,56.86416288
0.557847681,3.566361359,65.33963938
0.5604959807,3.554707417,78.2264766
0.5654247865,3.50902458,87.35183229
0.5666058036,3.522169035,101.4292414
0.5673810178,3.541265652,115.9455481
0.5743644737,3.46745877,117.4824889
0.5756421656,3.48019312,130.644327
0.5811408844,3.433860024,133.5586643
0.5868368866,3.389889402,135.7159445
0.5914898807,17.9955664,124.1309302
0.6015747017,15.23944976,118.3696596
0.6089901444,13.54719506,118.7424268
0.6174095791,11.90289011,117.1142237
0.6246498196,10.69827389,117.9993509
0.6261899783,10.48793739,130.5714268
0.643756712,8.222533079,109.3687986
0.6569098123,6.984603795,101.2262229
0.6645784021,6.411657732,103.5429582
0.6659623164,6.342505483,116.8526289
0.6669206928,6.305226673,130.7289276
0.6703488563,6.099888503,138.3969559
0.6771960431,5.700539025,137.3238766
0.6986618792,19.32949478,91.16568102
0.7029309741,32.63529334,84.14460309
0.7046866512,46.26743769,81.44465466
0.7066782742,44.59873912,94.45922206
0.7085309271,57.73977775,91.23600592
0.7088131847,72.09395102,90.78161156
0.7126309606,81.65901002,84.50616451
0.7342503736,68.6173853,56.62505909
0.7369597521,79.80622447,53.932828
0.7439525244,69.77848323,63.54544919
0.7457032223,67.50286819,77.53074086
0.7476558823,79.68606274,74.78363131
0.7509344051,74.83345742,86.35422817
0.7514354372,74.14579528,101.5429532
0.7540168768,85.21634144,96.715818
0.7757180187,70.83852022,64.45138725
0.7946343496,64.0504104,45.75376775
0.8081809835,64.16227414,36.11122788
0.8393772374,35.68155615,37.66766273
0.8545677266,27.08099091,45.10711783
0.855879919,26.48158445,60.06802319
0.902489987,12.11535032,42.67576369
0.9132649652,10.32820339,51.3706452
0.9384954518,7.35082172,48.9933924
1.043003728,17.97028442,10.46626821
1.064252432,27.35969087,8.602750975
1.162433333,6.222907889,21.50035119
1.260268492,17.89237152,7.357748029
1.267533749,15.87376067,23.03799592
1.273569119,29.04368487,21.01734624
1.34798249,8.706315652,24.61135755
1.743734822,2.769125135,21.00101662
2.052074974,2.767014663,21.02743401
2.500649222,17.39955775,5.027035458
2.504254485,31.04324467,5.055815174
2.564092291,25.95331004,5.043703846
2.651439139,21.44653809,5.033677941
2.751168498,19.94552744,5.03040996
2.94604368,17.74878332,5.025740088
2.955943516,29.71583486,5.051107322
2.956811191,43.91547936,5.081207164
2.971187403,48.28922696,5.090478406
2.972831148,61.47981349,5.118439286
2.974948088,73.70838188,5.144360916
2.979416327,82.30487267,5.162583405
3.005391869,64.72817802,5.125324964
3.005757796,78.93994501,5.155450506
3.00643085,92.58483274,5.1843744
3.013984327,94.65070836,5.18875355
3.058063785,55.46377092,5.105686584
3.059674853,68.45568635,5.133226333
3.065634459,75.7350188,5.148656772
3.079749884,72.44399738,5.141680588
3.081285949,84.99883573,5.168293839
3.084502752,94.53681385,5.188512067
3.091048951,97.93520012,5.19571583
3.092297851,110.2505655,5.221821456
3.100080779,109.4162554,5.220052916
3.112277703,100.9875542,5.202186085
3.115945,108.7029221,5.218540817
3.119725892,115.6491867,5.233265234
3.121776113,125.7766812,5.254733096
3.147519895,90.9257284,5.180857418
3.1494422,102.2633214,5.204890401
3.152583712,110.8661833,5.223126408
3.164285615,102.9665944,5.20638117
3.168468349,109.5867544,5.220414324
3.187086357,91.03122391,5.181081041
3.199930974,85.69182037,5.169762783
3.205819015,91.13992109,5.181311452
3.205967225,105.5420673,5.211840554
3.206773909,118.5605354,5.239436589
3.207725196,131.0415193,5.265893286
3.214273852,129.9546797,5.263589446
3.21488943,143.0618239,5.291373453
3.21682443,152.3987504,5.311165501
3.218856923,161.1007686,5.329611696
3.220795495,169.7420386,5.34792912
3.227192774,164.3485971,5.336496315
3.227345305,178.5201339,5.36653658
3.22964531,185.2810023,5.380868002
3.23162171,192.8699067,5.396954662
3.232419509,204.5240121,5.421658574
3.238416956,196.3788257,5.40439273
3.238517167,210.654914,5.434654618
3.240311033,217.9913661,5.45020614
3.240622524,231.3183349,5.478456123
3.242307187,238.4087488,5.493486102
3.245276298,239.4851865,5.495767893
3.246929613,246.4485772,5.510528613
3.259961752,190.5613578,21.39193138
3.261995411,197.7389749,20.76943748
3.267951001,190.5055819,19.02906482
3.26872337,202.2911248,18.84500842
3.269278988,214.7496726,18.7230258
3.273053405,213.9980602,17.75587344
3.306947238,124.6561326,11.50416712
3.315965319,119.1991989,10.46085248
3.319215322,126.5336561,10.14788771
3.326209889,125.0359806,9.506134445
3.334179748,121.679779,8.872377196
3.356542538,78.8174192,23.47366418
3.360926212,87.09492379,21.95355673
3.365089405,80.3865236,36.59855905
3.372794814,83.96018956,32.11584525
3.452292187,19.33155897,26.52499897
3.549783355,5.128515276,24.05770834
3.557565093,4.814845493,37.31001327
3.622326247,3.336277677,29.8431882
3.631624777,17.89817138,25.65730077
3.645034498,28.99515406,20.82751114
3.657621207,23.18235482,33.30370253
3.674410823,32.01420547,25.26002927
3.942645227,2.903936195,21.08867571
4.102607082,2.773805548,21.65041081
4.14808666,2.782269509,27.70123399
4.155483855,2.80706747,40.57844867
4.1568503,2.836340271,55.61906732
4.173944672,2.838407384,56.95938558
4.181433339,2.855323404,65.73108544
4.182798577,2.88329809,80.09504476
4.186202215,2.904783724,91.15276372
4.214303133,2.863304022,70.10933535
4.243325919,2.838329849,57.4352584
4.244374375,2.867396677,72.34699486
4.245153512,2.896556609,87.30552072
4.24546842,2.926742463,102.7886761
4.250644408,2.939155297,109.1712988
4.254901717,2.95374835,116.668073
4.259356241,2.966362172,123.1492176
4.267542928,2.962727698,121.3039266
4.27226396,2.973472382,126.8243249
4.276499306,2.985360326,132.9293815
4.283476993,2.984043004,132.2652471
4.290348224,2.983357549,131.9235511
4.294373291,2.995401409,138.1059455
4.314856964,2.939319186,109.3625359
4.315799027,2.966715037,123.4144449
4.315862178,2.997618964,139.2649076
4.326542931,2.978446191,129.4390596
4.331325955,2.987501011,134.0861777
4.333417407,3.008383134,144.7976841
4.346195485,2.978094583,129.2692791
4.348397169,2.998850221,139.9156472
4.382454093,2.900084438,89.26972035
4.409996252,2.861677926,69.57578142
4.414395888,2.882266099,80.13582889
4.431270155,2.871493608,74.61229817
4.495068242,2.804839378,40.4286847
4.543734602,2.793048566,34.38195308
4.586277771,2.791414119,33.54389816
4.618895087,2.795936184,35.86332053
4.631865711,2.813379198,44.80974396
4.645234008,2.826362108,51.46860608
4.710434895,2.791540527,33.60889711
4.803936013,2.775543217,25.40399941
4.811091969,2.801432175,38.68226826
4.866942553,2.788439815,32.0185774
5.358299859,2.766947486,20.99531062
5.389294611,2.783729358,29.60261712
5.439747168,17.41704566,13.99646439
5.443745637,30.95251368,13.33565388
5.44713729,43.76576278,12.81965687
5.485726799,36.36300815,8.641939206
5.487997466,49.53384298,8.511059457
5.500689176,53.70647113,7.753671461
5.507449609,61.92419346,7.435738927
5.518377751,64.96770658,6.987426794
5.556739108,46.29377268,5.950584168
5.559146077,58.91039081,5.9367054
5.564896038,67.47176697,5.865370945
5.567678796,78.63110333,5.849278691
5.575718875,82.02148838,5.753307698
5.584854385,83.4453305,5.657580242
5.612039588,64.259029,5.410318944
5.625278368,64.61117322,5.344538215
5.670686859,42.35153628,5.166392096
5.672800794,55.37534969,5.190335776
5.684974997,58.66331406,5.178971592
5.707627984,38.31898774,21.1114885
5.719544174,45.4372783,17.72480096
5.958485141,17.75849934,5.132014311
6.063829599,19.22655617,5.041794481
6.570847717,17.40020441,5.025001418
6.616864963,23.24160308,5.037383478
6.620098399,36.62128878,5.065745195
6.83474363,3.22999652,20.99483375
6.941164101,2.825773157,22.89838494
6.94203313,2.855417468,38.5898203
6.948024442,2.873099333,50.79592435
6.953285319,2.890577454,62.22155449
6.976957918,2.863379198,56.63800087
6.985402201,2.87474165,64.61272843
7.036254694,2.817212703,42.55561146
7.042133403,2.839371785,54.38899992
7.048450279,2.858269038,64.52659638
7.049244081,2.887534727,79.58885287
7.055935934,2.899716403,86.24447392
7.064690968,2.90457422,89.19333768
7.090984889,2.86672631,70.75873807
7.115752023,2.846757134,61.0684397
7.120724455,2.867444187,71.76016274
7.123919202,2.890488192,83.62750516
7.124308032,2.920484975,99.01831156
7.124962444,2.949278323,113.795653
7.141997276,2.918822506,98.38176946
7.147129209,2.932159713,105.2720016
7.149879532,17.58545223,99.9361061
7.158556019,15.25097337,100.811006
7.166455002,13.4532834,102.8089175
7.16766021,13.22923042,116.4792951
7.179257912,11.08809236,109.3998148
7.185908944,10.07897871,112.395687
7.195120187,8.874666652,110.3251415
7.196845745,8.697615072,122.7519861
7.19810414,8.580635298,135.8251828
7.216138615,6.841972644,112.2088162
7.219796718,6.583474787,120.644761
7.224013006,6.303511588,127.2922213
7.226909379,6.133907702,136.4090144
7.232453101,5.808470244,138.617084
7.25976948,4.546272958,98.37135639
7.288175848,3.79276108,73.90015188
7.290652443,3.772876222,86.5701803
7.312215562,3.440754087,73.99300801
7.328110906,3.279955946,71.20245929
7.334649814,3.2444384,79.08604881
7.342366666,3.202882729,84.48956157
7.346087827,3.200574783,94.78797032
7.356836494,3.141855745,93.41840891
7.359284399,3.153647855,105.1935149
7.368256959,17.7488037,88.76468254
7.368678647,17.65391511,104.0610874
7.374932528,15.93115818,108.4135396
7.378511698,15.05079685,117.2691078
7.384830997,13.61988372,119.9391305
7.400824514,10.67147318,104.4720312
7.41117145,9.2192396,101.8764714
7.417676033,8.459546202,106.0581851
7.428615942,7.365923227,102.1973625
7.435142464,6.830523234,106.302491
7.438400681,6.603393627,115.9112214
7.441596381,6.395126471,125.0437872
7.44784504,5.996420376,126.9403332
7.450642224,5.85021055,136.3054581
7.456583484,5.532471107,137.5936435
7.463057839,5.223993294,137.4888027
7.469135901,4.970376428,138.3229535
7.485589034,4.374977778,116.9371515
7.511607232,3.741145098,87.52218846
7.512915578,3.746373653,101.3906226
7.513142567,3.772991503,116.9539315
7.513193498,3.803130956,132.8398825
7.522635108,3.650657142,126.8407776
7.523692342,3.662710263,140.2913495
7.527641158,3.623513965,146.0170421
7.539673084,3.464839392,131.8557623
7.545632954,3.414108865,133.6005603
7.546513249,3.433465702,147.3560745
7.547468231,3.45146149,160.6627485
7.550091222,3.446078636,168.70683
7.551121429,3.462788125,181.3681177
7.577781815,3.193512871,124.4761096
7.584378967,3.168124576,125.7069604
7.585735226,3.187749414,138.4765443
7.604605137,3.076855432,112.5152808
7.604615881,3.107977601,128.4921151
7.60475714,3.13812293,144.1436387
7.610928489,3.122597239,143.9863699
7.611815416,3.146991084,157.5425227
7.635777121,3.021609274,115.4607211
7.647163183,2.994588247,108.9636758
7.650461886,3.009258164,118.3256779
7.653484425,3.024409613,127.6775844
7.661159179,3.014530133,126.2202467
7.674299962,2.981294752,114.2027938
7.675038746,3.008888778,128.6009563
7.686321208,2.984909482,119.6320185
7.688618501,3.004916068,130.4839793
7.689586152,3.030952418,144.0786532
7.692262447,3.046762296,152.8296873
7.704815643,3.008904336,136.0060378
7.711072688,3.007969254,136.5953538
7.727235294,2.963975176,116.2458355
7.734135163,2.965752529,117.9055088
7.759044429,2.906702109,89.60258525
7.770676154,2.902415119,88.04141341
7.77722705,2.913144345,93.84328858
7.791958144,2.899070894,87.17003458
7.797372277,2.913505285,94.73655716
7.802133635,2.928554515,102.5848455
7.804327684,2.951472428,114.394994
7.806297935,2.974332615,126.1678116
7.825490167,2.929476564,103.542024
7.827557068,2.952826985,115.5512306
7.828702442,2.979106261,129.047364
7.830693019,3.000803625,140.2055615
7.848921831,2.951022537,114.8971082
7.849482738,2.979816524,129.6710243
7.858092956,2.972402268,125.94793
7.859815818,2.995582204,137.8511117
7.860223378,3.024668323,152.7725052
7.861035228,3.051210482,166.3923357
7.861186736,3.081451493,181.9039507
7.862507765,3.103632898,193.2910265
7.884994019,3.001582154,141.0904035
7.892275935,2.996749351,138.645224
7.898065508,2.999407299,140.0318533
7.901535228,3.012926762,146.9786637
7.903904723,3.031293186,156.4069025
7.912243553,3.01708974,149.1480896
7.91418596,3.037565218,159.6552875
7.922214623,17.65659704,136.7431959
7.93123331,15.22522743,130.9989809
7.968904718,8.646366366,80.310735
8.000369985,5.917078439,61.13484768
8.056686837,3.798391049,39.19579165
8.109327443,3.137758909,32.92877016
8.114227869,3.131423213,46.32074147
8.338688024,2.7713879,21.45793549
8.385962582,2.780789882,27.38993815
8.390686069,2.80792516,41.37099138
8.397917376,2.829401817,52.47259996
8.451071235,2.799291452,37.39257895
8.51259475,2.785508843,30.45928846
8.529895238,2.80214988,39.0107455
8.548080854,2.813099178,44.63864904
8.551162169,2.839671752,58.26918583
8.561182715,2.85199429,64.59403422
8.570008151,2.8643803,70.95016343
8.593110301,2.847981636,62.54597555
8.604505753,2.856303748,66.8166108
8.652755706,2.81287395,44.54728279
8.670804865,2.82069989,48.56218231
8.674469454,17.47850098,45.51428065
8.67995018,30.61170606,41.33852081
8.696334266,22.85414579,47.18349638
8.711720949,17.55620086,52.00788028
8.734610929,12.14346298,50.73837751
8.744286467,25.15208343,42.72122455
8.748129127,38.15765741,39.96146044
8.785385247,19.58088158,37.59211356
8.796143058,16.35111957,47.28154234
8.80946847,13.19699513,53.3882761
8.810840759,12.94497783,68.07805306
8.829944056,9.734233253,64.04562491
8.830743866,9.654370133,79.10847283
8.866783253,6.131947276,57.04087392
8.9055685,4.330483367,44.95518551
9.504783929,2.766954596,20.9941016
9.512052488,2.793928003,34.82923334
9.561049735,2.788781002,32.19199475
9.619484663,17.41603453,13.47737735
9.813156461,3.072101168,21.17019642
9.859065269,17.53384114,11.48332372
9.905421225,8.622431387,23.56165906
9.991109275,18.46025644,8.37066252
10.00701246,14.20741089,23.45062597
10.04573578,8.05480386,29.50146753
10.05560741,7.133013472,41.11052035
10.08806771,19.69695011,23.89449421
10.09174722,18.52478803,38.55347878
10.10716823,14.36567823,45.64693175
10.1082301,14.15248771,60.79260436
10.13286582,24.3747897,39.11608571
10.15374155,17.02018924,43.46950836
10.1633801,14.54690388,52.72354622
10.17040066,13.03084893,62.47094491
10.18499095,10.45649378,63.92422206
10.18574794,10.37167958,79.03868879
10.18606845,10.35408444,94.5655082
10.18670609,10.2887412,109.4304034
10.1897266,24.50977628,103.3392388
10.19235332,23.42661253,114.3060219
10.21090104,17.04520233,96.42745751
10.21924191,14.87780989,98.37901094
10.2246602,13.66200711,104.7882319
10.23008388,12.57001095,110.5295656
10.24498384,10.06693584,99.33316563
10.27206786,7.032008091,75.8775845
10.27421645,6.882495954,88.89603921
10.27768655,21.26826783,83.30162027
10.28343484,33.91937851,74.82822372
10.43830229,4.175471402,24.14818328
10.52038121,17.67839071,8.734685409
10.5868664,21.3527136,6.014641167
10.60311991,30.84987554,5.762449773
10.61798787,23.64947431,21.56470166
10.61911279,37.8480057,21.22713073
10.62869688,46.38716607,18.42664865
10.63294134,57.49835829,17.36449657
10.64292542,47.61705347,31.12525214
10.67086019,43.06962905,19.97094154
10.68230158,49.48376394,16.93870691
10.68336065,63.16779465,16.71944433
10.68891434,71.47854402,15.51785542
10.69238916,81.52718831,14.84239722
10.70623539,77.13227021,12.49124911
10.718181,75.98562193,10.92902939
10.72920713,76.15323698,9.785550944
10.76072192,56.48954092,7.576230343
10.97166285,18.19059568,5.063000924
11.06940078,4.955330557,21.00363456
11.10999917,18.38501135,12.13305102
11.11988159,30.24225008,10.88378986
11.2292491,5.853550933,21.65477677
11.2373592,5.417916482,35.1600747
11.25699135,4.578130875,41.36414444
11.25736627,4.595563225,57.09238501
11.27232759,4.145795114,59.61921863
11.28915677,3.774008045,60.0075766
11.3115905,3.429845769,56.11863568
11.59756224,2.769222366,21.16162133
11.61432998,2.790880791,32.55512511
11.62224698,2.814002749,44.51898373
11.62469366,2.841461161,58.63137638
11.64072719,2.843655832,59.91653147
11.68405817,2.81230538,44.08168205
11.69097827,2.833605837,55.02946638
11.69224828,2.86234703,69.77450062
11.72654648,2.830699885,53.61764448
11.78364671,2.797250869,36.51350326
11.83241183,2.790135597,32.87920637
11.86634652,2.794533736,35.13947869
11.88518294,2.807276865,41.67679485
11.89234767,2.828923295,52.77952405
11.90130824,2.844831599,60.9392357
11.910225,2.858209746,67.80117084
11.92295892,2.861871865,69.67987953
11.93890154,2.858633674,68.01944073
11.94052117,2.885912365,82.01052821
11.95289035,2.884198242,81.13159669
11.99567503,2.830033755,53.35147558
12.0184209,2.826768236,51.67674052
12.05256376,2.812924881,44.5766886
12.062049,17.46339376,37.76799579
12.06253861,17.35107793,53.44857019
12.09352168,10.63184256,47.0685931
12.13623438,6.127526665,38.90085981
12.16260209,4.768650815,41.00452198
12.31525963,2.862917812,22.69391084
12.31921535,2.88444009,37.34748338
12.32271995,2.905570363,51.15734183
12.33377392,2.903082314,58.00090478
12.44019881,17.41946909,11.33367628
12.46445985,26.43828386,8.927510908
12.48952676,31.75664021,7.407654638
12.52613165,16.72306726,22.15461722
12.53621215,28.8329771,19.05238942
12.5421652,40.56746662,17.50546271
12.54681812,51.86955144,16.4247726
12.54839312,65.00976068,16.10139569
12.55689725,55.30100696,30.36406985
12.55765467,69.17453021,30.01373134
12.56333623,62.06934361,43.32621684
12.57717333,47.75664871,50.05932341
12.59621031,33.53223358,51.789556
12.61406584,24.31509537,53.73653463
12.61534695,38.43301214,52.53458742
12.62216889,33.91136941,62.47117423
12.62246029,48.39401352,62.16825956
12.62305967,62.51375425,61.51805386
12.63310881,66.293564,51.25758595
12.64090731,71.77866008,44.60749691
12.64667086,64.2927857,56.29449153
12.67764092,35.9010401,48.60723761
12.73265337,28.43657288,19.53900054
12.73550183,41.67714819,18.7646241
12.76966946,37.06189824,11.97812442
13.0072834,3.063248025,21.05413989
13.01337426,3.05688273,35.21213352
13.12514682,2.801287907,24.22550534
13.18201689,2.78795971,27.16048372
13.31235754,17.40340531,6.660211196
13.32421417,28.97067336,6.33951791
13.32448723,43.49159095,6.36327292
13.33416353,36.35173604,22.12226893
13.36775162,34.57086355,13.77429668
13.37200688,46.63741659,13.08903754
13.41700594,35.24897747,8.316292704
13.4852356,25.70618171,5.873815549
13.51012324,31.36317178,5.559886468
13.75928425,17.59570781,5.028877539
13.87098684,18.99096054,5.028743711
13.87636195,31.99794434,5.05627761
13.89453598,37.74416338,5.068356741
13.92966809,20.10573579,21.03072094
13.94227689,16.2652989,33.45618058
13.95152656,14.01148594,44.64911926
13.97440091,9.903043062,46.09052136
13.98222842,23.52822431,40.16623416
13.98496618,22.45153383,54.2920831
14.0099639,14.72571696,50.89606352
14.04081237,9.236458007,45.76160501
14.04101544,9.241305585,61.59630679
14.05530084,7.65575336,63.52953178
14.05579683,7.638384709,78.95167802
14.09595832,4.962737182,54.11805686
14.1308423,3.875403191,45.44484796
14.19791493,3.064924988,31.57038038
14.24500475,2.895299088,31.3567262
14.37047654,2.779918302,23.13752077
14.54000361,2.768432719,21.60511806
14.59164518,2.778579902,26.90739991
14.59725515,2.805229562,40.58156882
14.67275878,2.782292438,28.85494938
14.67510599,2.811353453,43.76063396
14.6862017,2.827502463,52.04537868
14.69824452,2.839058549,57.97416272
14.70966423,2.849159312,63.15608459
14.7206109,2.858055539,67.71990205
14.72459294,2.879888194,78.91803477
14.72704268,2.904191818,91.38337749
14.73624789,2.907063494,92.8568469
14.74503652,2.910644578,94.69404388
14.74762025,2.93303191,106.1764793
14.75633162,2.932683018,105.9979169
14.7616058,2.944163287,111.8862687
14.76641699,2.956238991,118.0799802
14.77207918,2.963827229,121.9721112
14.77951162,2.963518699,121.8140706
14.78686845,2.963549836,121.8302132
14.78931786,2.983854674,132.2444773
14.79621006,2.983102706,131.8589316
14.80460276,2.976076451,128.2553535
14.81252786,2.97204502,126.1877725
14.81395351,2.996598155,138.7809249
14.81526912,3.021019578,151.3065212
14.83990405,2.94123785,110.3872618
14.8400089,2.972002837,126.1664127
14.84002675,3.003113974,142.1231011
14.84228139,3.022520974,152.0768345
14.85486944,2.989889786,135.3406029
14.87061524,2.952429219,116.1274114
14.87925123,2.949253446,114.4986117
14.88194003,2.969270768,124.7653671
14.8850792,2.986255686,133.4768247
14.89010811,2.993481277,137.1827951
14.89272136,3.011552352,146.4513323
14.89528354,3.028970665,155.3850717
14.89930417,3.037510537,159.7651233
14.90077889,3.059935664,171.2668197
14.91924811,2.991009288,135.9149905
14.95794319,2.884673172,81.37596962
14.95948232,2.911354223,95.06049804
14.95985471,2.941246669,110.392128
14.96444747,2.954407081,117.142016
14.9736395,2.948882999,114.3087574
15.00606001,2.878387273,78.15199686
15.01110999,2.89587997,87.12388261
15.01170693,2.925175031,102.1491177
15.16652627,2.775509015,25.38645958
15.181851,2.79620877,36.00322164
15.18440956,2.824388271,50.45629356
15.20030628,2.83144292,54.07457486
15.23632444,2.813506867,44.87529676
15.27690643,2.801479104,38.70633969
15.3210282,2.794141972,34.94317527
15.44878893,17.40408947,7.351325375
15.46527271,13.31578363,22.68919971
15.48801495,9.480467164,32.22233049
15.51327681,6.836454394,37.42245595
15.53205595,5.583673547,43.26865659
15.54677926,19.52105527,33.53696458
15.56433681,14.5817447,41.08466333
15.5790955,11.58512931,47.85988269
15.61296577,7.261838024,42.7668971
15.62399666,6.3969731,51.28866123
15.64896384,4.989047155,49.09146996
15.65870314,4.62143333,57.28661793
15.65918768,4.634443345,72.78224611
15.65957459,4.651002989,88.25964577
15.66806092,4.383218507,91.26141818
15.67403672,4.228826324,97.54330881
15.6979323,3.692767538,78.38160846
15.70308895,3.63018175,87.19005339
15.70581794,3.613867629,98.823977
15.71083451,3.561235819,105.8666733
15.75390983,3.115733453,63.61512253
15.75444431,3.142888665,78.99175903
15.758617,3.141485976,89.06696273
15.75898289,3.169723147,104.4539097
15.77843935,3.061025684,88.39259279
15.78815014,3.034803419,89.67101614
15.79650026,3.020003596,92.64740488
15.85041504,2.863640836,50.81136202
15.85804426,2.876737903,60.32751248
15.95889742,2.785702572,28.35574414
15.96214621,2.81375547,42.88599083
15.9740715,2.828398317,50.84538505
15.98728152,17.47069161,40.23066335
15.98928816,31.55485112,38.87559935
15.99482191,28.56665731,51.32573771
16.06536427,23.70065629,16.32702416
16.07302538,20.75355609,30.71696787
16.0738368,20.49471085,46.3028288
16.08869188,30.59390411,35.71622352
16.09920213,39.97630811,29.92291529
16.10287368,52.00348511,28.18902854
16.1671929,31.0106479,11.43306471
16.22893082,25.62486331,6.898180179
16.23551046,37.4663919,6.69446412
16.25421661,26.65788798,22.16364638
16.26341217,22.67039616,35.2792346
16.40798447,3.873236103,22.67456365
17.04137951,17.39955736,5.025055235
17.07893778,9.685570104,21.0085443
17.16181989,4.091495849,24.0460453
17.24603533,3.018534151,24.52940645
17.26463599,2.961881085,34.46054771
17.31494842,2.84961573,31.76649631
17.34614257,2.827961129,35.34019747
17.35492852,2.844296976,46.44994358
17.38702508,2.824070635,42.81112434
17.39212297,2.846704889,55.14535019
17.39944591,2.862783892,64.31272229
17.46182912,2.803425813,38.02872039
17.48790685,2.807117287,40.60321316
17.50272951,2.82000329,47.46759965
17.52194403,2.824316097,49.91561179
17.54444481,2.823416518,49.63674294
17.56553657,2.824440571,50.27249757
17.57694143,2.837547149,57.03772797
17.57790338,2.866802831,72.04596063
17.5817915,2.888193415,83.02934888
17.58274288,2.916515642,97.55849256
17.58710459,2.932610336,105.8258224
17.58917836,2.955807911,117.7292575
17.59337222,2.969298335,124.6589643
17.61767631,2.910584729,94.5916274
17.63770279,2.884078369,81.0211984
17.65731578,2.867145243,72.35245267
17.66351982,2.8830079,80.49222098
17.68312444,2.866438778,72.00365826
17.70792159,2.846534119,61.80253565
17.73168116,2.835826957,56.3155251
17.75984027,17.45653748,34.24722844
17.91779697,3.392026153,22.23602105
18.0065605,17.51075176,7.946460272
18.04551052,9.54666896,22.34867007
18.05837915,8.032330485,34.4104656
18.06418622,7.482752853,47.18486093
18.0833908,5.999981498,49.72879536
18.10062924,5.079275272,52.68333453
18.10326068,19.62293207,50.26947926
18.17773078,6.575130948,31.20383108
18.18320196,6.208376614,44.48712429
18.19391456,5.569858422,52.87059699
18.21016336,4.814715315,55.58689552
18.23756602,3.968741151,50.24034423
18.2549959,3.63703878,52.92321844
18.26568933,3.494694957,59.69458195
18.28090431,3.326773271,61.34324207
18.28133185,3.352936529,76.86339913
18.29060482,3.279656125,80.69745694
18.30222129,3.198091494,81.0029106
18.3034257,3.218283057,95.19380835
18.33714352,3.012787997,66.94926675
18.34152789,3.020725285,77.74788088
18.34715098,3.021608263,86.00908691
18.37346221,2.935839161,68.86015865
18.38146324,2.937446552,75.41595014
18.4042626,2.894784881,65.62888983
18.44842148,2.832700646,46.06440953
18.47072689,2.829004678,47.28367004
18.47599307,2.85087769,59.05603796
18.47904467,2.875256752,71.85512573
18.52951816,2.8177829,45.35889145
18.53983235,2.83368745,53.83488274
18.76279736,2.768077833,21.55896455
18.81487548,17.41096265,10.87085237
18.9745931,3.368526724,21.23476588
19.00059276,3.143146415,30.64943603
19.12745606,2.799162559,23.02275016
19.18656353,17.41899752,10.55298261
19.27385912,5.328963268,21.96383053
19.27925796,19.72734845,20.25801768
19.28332987,18.42962569,35.06414397
19.32288569,9.881582141,34.62584254
19.33030165,8.92776663,46.54119244
19.34525604,7.358289742,51.80091738
19.34536005,7.379879469,67.7035879
19.35529297,6.574341818,72.40512057
19.37618736,5.294412501,65.37982113
19.38974079,4.718089807,67.04198459
19.41126323,4.055896564,61.33857227
19.41164116,4.077151078,76.91422336
19.42728889,3.747889351,73.5879669
19.4278585,3.767619556,88.81088824
19.4310717,3.734588767,99.59384209
19.4407768,3.589562857,98.90388273
19.46390119,3.304604066,80.13038316
19.46515381,3.321725322,94.27134651
19.48331742,17.80703991,67.10826947
19.49125467,15.62597973,73.99068362
19.49874226,13.86442346,80.39466484
19.50209945,13.17293045,91.49812832
19.5072689,12.17894474,99.0012793
19.51008993,11.69210167,109.8441229
19.51616104,10.69922717,113.8554794
19.51745469,10.52702538,127.0749545
19.54001651,7.728743632,98.73998251
19.54668681,7.136362237,103.0319393
19.56487944,5.825343178,89.12966506
19.57321176,20.01489166,76.24581779
19.57346226,34.59234156,75.92081121
19.57558003,33.30241545,88.97934541
19.57950418,45.65897865,82.67101819
19.58796624,39.00725505,86.57704194
19.60321296,29.50527455,81.13462909
19.61027944,26.00832662,87.09944721
19.6110801,40.30243355,85.82623952
19.61583344,51.55939467,78.5268101
19.61787639,64.26852136,75.61396942
19.62931939,66.34517761,61.19900987
19.63202068,77.66361263,58.27413542
19.63496482,88.04283582,55.25850961
19.64227383,91.10505304,48.45371255
19.64617962,99.12854402,45.21910712
19.64849501,109.4303899,43.42992388
19.66412674,95.44850785,33.14159668
19.6649233,108.6470033,32.7278112
19.66624908,120.5394013,32.03317509
19.67029106,126.0547779,29.9644367
19.67080692,124.8201866,45.70806755
19.67917512,120.6697759,39.46476586
19.70786954,83.8354095,24.44348702
19.71146839,92.86702293,23.12384128
19.72219409,90.12950878,19.65464595
19.74827199,69.27605135,13.72753546
19.75630806,59.42796038,28.43078509
19.76570992,64.37380923,24.44441294
19.76817418,76.07341357,23.5401141
19.79643911,59.06931673,15.56277291
19.80103649,68.78437746,14.6654126
19.81071735,71.8218604,12.99405474
19.81365068,82.54921417,12.56929936
19.82095838,86.36035905,11.57031807
19.82512788,94.3335386,11.07523803
19.84977187,73.35340909,8.739864568
19.88005899,55.93344118,7.069048698
19.88712467,63.5866865,6.826664905
19.89473233,69.66179777,6.599068664
19.91714168,60.15091808,6.050347318
19.92029746,56.6703145,21.98566709
19.92377174,53.08107152,36.84500677
19.92556747,65.96883116,35.75247135
19.92941147,61.3208418,49.47630542
19.93171911,73.34222286,47.50105432
19.93465331,83.98179665,45.10943479
19.93640267,95.85218128,43.7612577
19.93743524,108.6127217,42.99995185
19.93772823,122.6579136,42.80897585
19.93881862,134.7347888,42.02432306
19.9448574,134.3814394,37.84256305
19.9506311,134.6884562,34.29129592
19.95758318,132.2237149,30.51933893
19.97788493,103.675682,22.03225321
19.97808236,117.9416993,21.99619174
19.98005383,128.1514051,21.36993256
19.98339748,134.7025742,20.3417175
19.98499398,130.5866176,35.85933826
19.99011679,132.8000118,32.88467646
20.00025642,123.5902111,27.79634465
20.00308371,116.9772039,42.5426744
20.01064436,115.6088939,37.30433995
20.01141551,113.9125939,52.80977336
20.03026177,79.03063419,53.79397101
20.05578689,48.55867864,50.28335369
20.10790495,18.92507596,36.96386313
20.12278452,29.42182399,28.76603282
20.13859661,22.21797421,38.32094712
20.19298738,23.96412508,16.25460361
20.21026005,17.79449802,28.96528572
20.21066847,32.3357964,28.80135715
20.22986073,37.56419701,21.24350615
20.26961019,18.49499028,28.3319426
20.30921639,9.904018314,31.56322008
20.31290135,24.05852518,29.70658365
20.31517686,37.7736766,28.63819749
20.3159134,51.92512696,28.32353455
20.31832557,49.63959236,43.22468843
20.33513916,36.276408,48.30702289
20.3392692,33.64845414,60.87303692
20.37709783,31.90602141,31.24750783
20.38516868,27.58901385,43.33400979
20.38852438,26.00694826,56.84523573
20.40716422,33.42887583,40.74045638
20.41142832,30.95101174,53.81823371
20.41191478,30.70902849,69.34545561
20.41861681,27.23110353,77.27278458
20.43145215,21.71642791,76.90842259
20.43653154,19.91412362,85.96154579
20.44591206,17.00674672,88.11097265
20.44997191,15.9249739,97.62876598
20.455512,14.57283456,103.9128158
20.46747434,12.08534044,98.86483413
20.47083991,11.50791512,108.7541515
20.47177746,11.37615606,122.826605
20.47388724,11.05035079,133.9579794
20.47524089,10.85946437,146.5133033
20.49024914,8.784147366,125.8166856
20.50114627,7.630894963,118.1560979
20.52555217,5.771489312,90.45058469
20.52899329,5.600785564,100.7670196
20.52901661,5.630644744,116.7222865
20.53289842,5.445594395,124.3762252
20.5389315,5.168772212,126.8064354
20.53903885,5.194749632,142.5451238
20.54308502,5.034792808,147.8524117
20.55524236,4.569754401,133.0172552
20.55890777,4.471312191,139.9677914
20.57326187,4.069398277,122.2850264
20.59317858,3.662406847,99.74751903
20.60206607,3.542697714,100.3169956
20.6445436,3.112001556,61.75467702
20.65146097,3.094583717,70.42089812
20.67488033,2.991579059,61.95187209
20.68093656,2.99359035,71.45424607
20.69791158,2.950560048,68.32198308
20.74214906,2.855622336,47.13678946
20.76442732,2.843718867,47.98477026
20.79683564,2.823413199,43.47823315
21.41169164,17.39955418,5.025175205
21.41617172,16.17399308,21.02243254
21.4167038,30.69555233,20.88385262
21.42011092,28.88496363,35.83707802
21.42604732,25.98873912,48.38410424
21.42665573,25.73870229,63.85925989
21.42715587,25.54095093,79.27331357
21.43233434,23.32841802,87.96514572
21.4462742,32.98188877,67.80877515
21.44901558,46.03201276,64.48858428
21.45648531,40.05495004,72.23239652
21.48424585,38.81895919,43.61661578
21.50070921,28.72703574,48.78098118
21.50346018,27.36683334,62.43685397
21.53847941,14.99367587,49.50820266
21.57120539,9.137287322,44.12755734
21.57131401,9.154591477,60.04257395
21.57739546,23.08328946,53.76930711
21.60055151,15.57198725,51.68901022
21.62452179,10.71451825,49.90518106
21.63598269,9.11130366,56.7052744
21.63899273,8.770010539,69.68400056
21.67629532,5.62860405,51.67217035
21.68356116,5.268535882,61.35879206
21.69586169,4.747366003,65.06633765
21.71171311,4.232025431,64.74520202
21.71632012,4.131514633,75.48566963
21.73350667,3.756709305,70.98093776
21.76276232,3.335663249,57.7514555
21.78230947,3.172737739,56.68003901
21.81441364,2.996885845,48.19083288
21.8266165,2.971530304,54.83616988
22.06287603,2.769035791,21.43590432
22.14352005,2.773579086,24.27094905
22.25779661,2.770792701,22.9547125
22.2832656,2.788001175,31.78592232
22.29187492,2.810931534,43.54796065
22.3058362,2.823810261,50.15494621
22.3079476,2.851364485,64.28752032
22.33539316,2.833721542,55.24055659
22.33588877,2.863950674,70.74489712
22.37386604,2.826927435,51.7573594
22.38827339,2.835296548,56.05013415
22.39523977,2.85354517,65.40984889
22.40446561,2.86489271,71.23006216
22.40453449,2.895910381,87.13881276
22.40592302,2.922719276,100.8889296
22.41076537,2.936656426,108.0372589
22.4312804,2.90023672,89.35804369
22.45515657,2.868979177,73.3264164
22.45575187,2.898597824,88.51761941
22.46203842,2.910553035,94.64939369
22.47622821,2.898558039,88.49729613
22.48342388,2.907931045,93.30466793
22.50860063,2.871009687,74.36801262
22.53921686,2.840267919,58.60081034
22.54107382,2.867652835,72.64634712
22.54282247,2.894314948,86.32116279
22.58627849,2.833434479,55.0960139
22.59032202,2.857041054,67.20366554
22.5913039,2.885877885,81.99387803
22.61241078,2.865375594,71.47839936
22.61715992,2.884825417,81.45408062
22.62546781,17.52580832,69.7800774
22.62567104,17.49700803,85.5172093
22.63720028,14.48840519,84.93491698
22.63988693,13.90476137,96.75274617
22.64678154,12.49730526,100.933465
22.64936084,12.03770962,112.1097569
22.65307202,11.40347955,120.4470488
22.65794377,10.62997572,125.7284869
22.66009136,10.3292783,136.6524422
22.66349261,24.49371006,128.0252737
22.66564247,23.60920314,138.8473303
22.66851912,22.47337977,147.3636247
22.671518,21.35555828,155.075575
22.67162513,21.34690315,170.7543029
22.67362845,20.64715798,180.2441109
22.7010117,13.12508708,122.3407928
22.70960019,11.51656515,119.8202309
22.71377887,10.8437443,126.6137793
22.71902642,10.06712929,130.4965651
22.7289477,8.778828131,123.9086232
22.74705157,6.974308016,103.7856523
22.74799953,6.925901287,117.9302321
22.75609433,6.330792795,117.0495256
22.76862351,5.565134146,108.2119405
22.91888864,2.907066457,26.10559807
22.94472134,2.869137644,33.58724767
22.96169938,2.861928291,41.35467625
23.13437306,2.770936389,22.14414512
23.17829299,2.781563087,28.11887586
23.20651731,2.792996817,34.14391046
23.21651055,2.813821378,44.86307612
23.2486643,2.807985127,41.95201375
23.25479294,2.830847557,53.6885196
23.26454809,2.845186819,61.05733237
23.33255052,2.795031627,35.38243345
23.41347214,2.778694966,27.01713461
23.42539919,2.800776316,38.34322419
23.425405,2.831964218,54.33928497
23.47557221,2.80222201,39.08639575
23.48999522,2.816760479,46.54332127
23.54013183,2.796665719,36.23731961
23.56467743,2.804229701,40.11693816
23.56686392,2.832495056,54.6140511
23.58744815,17.46365112,37.89998476
23.63044884,23.63175762,18.94940849
23.63598785,21.47170501,33.48591008
23.64137952,19.58765696,46.57331255
23.65666301,15.18056167,51.62247388
23.73361562,5.437407416,30.99961393
23.74247808,5.029775221,42.77547071
23.76818995,4.138672325,43.58557693
23.83280395,3.152248909,31.59281606
23.90806279,2.859398427,26.89822344
23.91292261,2.87914122,40.86933446
23.91432696,2.906365269,55.87565904
23.92955375,2.892768132,58.51738627
23.93823616,2.898933608,65.98528503
23.98411768,2.832131034,45.35774147
23.99617437,2.842675372,52.7091799
24.04551609,2.806801896,38.77994728
24.04588321,2.83747757,54.53272279
24.0728894,2.826219346,49.858933
24.07314213,2.856958669,65.63266678
24.09732761,2.841669339,58.37716606
24.10509574,2.857623395,66.69550864
24.11081909,2.875637107,76.02188581
24.12742405,2.867302484,71.95045767
24.18080539,2.812175767,44.01508884
24.26404358,2.781407253,28.3780371
24.32167318,2.781364244,28.3789587
24.32843733,2.806787964,41.4199523
24.35945506,17.43775514,24.61323638
24.60464188,17.5086252,5.170551582
24.7625791,18.02709145,5.03250285
24.89191498,3.917873426,20.99675651
24.94783117,3.153295013,26.22401601
24.9813272,2.980623373,31.85833829
24.99228731,2.963617641,42.57026468
24.99864248,2.967615323,54.08518737
25.03173028,2.8865747,46.32222328
25.07566341,2.829588215,38.15906991
25.08613311,2.843055194,47.89330032
25.10169594,2.845549071,52.41876121
25.12899601,2.830547486,48.46523726
25.13133815,2.857404719,62.47580904
25.13409633,2.882070975,75.3907155
25.14115277,2.894007195,82.12484958
25.14436188,2.915364391,93.32986618
25.18196086,2.851621064,62.6382779
25.189384,17.49943907,54.71629464
25.20084941,14.50531019,60.52729294
25.2072192,13.12869166,69.88461409
25.25359576,6.877653987,46.66000022
25.25589629,6.722596194,60.78629538
25.64621785,2.768567721,21.01656573
25.67652561,2.784845318,29.73331086
25.74983982,2.778275119,26.7032451
25.76991598,2.795407241,35.52390104
25.96215698,17.40082988,5.678043739
26.27039983,2.79777092,20.99529024
26.27604055,2.822349678,35.28814287
26.30167947,2.818803579,39.13493079
26.31061976,2.836400386,49.54489496
26.31098086,2.866871572,65.22424826
26.34571888,2.832400153,51.060473
26.36948162,2.827035123,49.63465685
26.37513647,2.848468845,60.86089898
26.64783118,2.767427038,21.23294091
26.66311184,2.790280814,32.95667849
26.74261558,17.41067334,10.72689715
26.79537592,22.50819438,7.02076735
26.80048795,35.25035984,6.854865994
26.81218587,43.13145008,6.497745999
26.84780947,37.2108311,5.762523498
26.84951479,50.71863546,5.767834704
26.92407896,28.1997153,5.199196
26.93437057,23.49383936,21.16094406
26.96640217,13.70561419,29.51321878
26.96712517,13.57932531,45.16115394
27.05278099,4.722074598,28.23612814
27.14979812,17.68489876,8.363852654
27.87678143,2.766951889,20.99385382
27.88215504,17.42757697,19.39456758
27.89432621,14.28444966,32.28309284
27.89615658,13.90052194,47.30210762
27.89908816,13.29592962,60.89276693
27.91355383,10.67417025,62.84965476
27.92316085,9.317657971,68.73588519
27.93341987,8.127912003,72.91171197
27.93679647,7.806987408,84.47646739
27.94387118,7.169084906,89.98949491
27.94576595,7.035420818,102.8287565
27.95731515,6.179817802,98.65045722
27.99599002,4.356026283,64.20666442
28.01427163,3.891024721,62.07316583
28.02228199,3.751201544,69.62350285
28.05132009,3.335061709,57.15229037
28.07394891,3.14809985,54.16592055
28.08115136,3.12397659,63.56920866
28.11485184,2.964808992,50.84739169
28.11821607,2.981099292,63.86359487
28.11900515,3.008453133,78.94176774
28.13326008,2.972001702,76.59821381
28.15894504,2.908289411,63.83315404
28.20187203,2.840063805,45.92876681
28.22151406,2.837371245,48.63046172
28.22651285,2.858898312,60.4787874
28.22755161,2.887561697,75.33789706
28.24015104,2.884941489,75.66897587
28.24149305,2.912185832,89.79719783
28.27529803,17.4892889,48.15568239
28.2793879,16.3617222,60.76563762
28.28326901,15.37524836,72.60020773
28.29680179,12.40935595,72.56928764
28.33529404,7.246644827,52.28697927
28.38143,4.559740898,39.78985942
28.38216159,4.564442477,55.28437713
28.38901479,4.361408654,64.8428295
28.39328927,4.259402063,75.93891111
28.39614393,4.20604374,88.00181713
28.39632161,4.232023806,103.70731
28.40086805,4.133167123,111.1273452
28.40381536,4.084370719,121.0519261
28.406843,4.036326757,130.232774
28.41016821,3.983841833,138.1747247
28.41211929,3.967272617,149.0778135
28.4121999,3.996484121,164.8456341
28.42081239,3.828192177,155.5520665
28.42092763,3.856872604,171.2053866
28.42512304,3.797835277,173.8279161
28.43204613,3.69169932,167.9970306
28.43422185,3.682189244,177.0560936
28.44468421,3.534691705,160.569761
28.44542776,3.55409399,174.2732455
28.44634004,3.570493764,187.2126094
28.45780073,3.430698788,165.8865727
28.46307427,3.392330352,165.7812839
28.46846154,3.356460124,165.3577896
28.47402506,3.322292664,164.4708787
28.47412343,3.352335394,180.1573963
28.47500695,3.372731231,193.0893115
28.47564987,3.39578856,206.6861274
28.48142501,3.354985558,200.6850597
28.48400257,3.355067524,206.8525069
28.48753094,3.344065748,209.0988145
28.48865128,3.361782288,220.5762481
28.49088879,3.365580229,227.1415064
28.49514794,3.345346416,225.001834
28.50445613,3.272994205,203.6306895
28.50523495,3.295886164,216.5605548
28.50547034,3.324450786,231.5668105
28.51052799,3.299010031,225.7692335
28.5132493,3.300368633,230.0743368
28.51670293,3.293880874,231.0522004
28.53183514,3.179326893,188.0197093
28.53563817,3.178034728,190.6148396
28.53643626,3.20222654,203.6754453
28.53902687,3.209868256,209.6433973
28.54433176,3.193337305,205.0426327
28.54453931,3.222637286,220.2139025
28.55240109,17.81560097,188.9310599
28.55454934,17.21261235,197.1955086
28.5563769,16.72421439,206.2970801
28.5583808,16.20586619,214.388724
28.57072356,27.92313453,168.6154993
28.57121999,42.3380983,167.0300703
28.57660351,52.9594309,150.5210591
28.57707885,52.51542776,165.1440695
28.57728666,52.34016077,180.4797792
28.58266148,47.31566412,178.5941593
28.59375625,53.10802686,144.0786436
28.59876628,48.33652161,146.8176684
28.6039159,43.90494411,148.9378573
28.6210244,46.63904665,107.25794
28.62780249,41.10441097,110.2933766
28.63166461,38.2834866,118.4659178
28.63169298,52.92713055,118.4326467
28.64053565,44.82243131,116.0444546
28.64258492,43.16355893,127.5849532
28.64268346,43.11515529,143.3435177
28.65949879,31.61415405,119.8313618
28.6624617,29.98378401,129.2239409
28.66432284,29.01937898,140.6847069
28.66443971,28.98920955,156.3678435
28.6718744,40.02565051,135.4840356
28.67284049,39.34325453,148.9868714
28.6796939,49.31803379,130.5740156
28.68437232,45.18830107,135.3566023
28.68473363,59.54644131,134.4490564
28.69658021,47.59314644,123.1398046
28.69748925,46.81617423,137.0111805
28.70608579,39.88430947,132.1573215
28.71363027,49.34518817,114.378246
28.74156868,44.05610324,67.5833326
28.75218543,36.18245369,71.60951781
28.75234925,36.10424317,87.39155098
28.75297843,50.35078544,86.39227872
28.75417192,49.2588766,100.4722575
28.78472565,42.65078266,56.84751438
28.79171116,37.47746576,66.08627158
28.83971283,30.70146548,28.41604645
28.84022937,45.07785221,28.20640908
28.8647631,28.68933978,35.20484741
28.97289727,20.38463395,8.499742374
29.01239406,25.4099231,6.616202952
29.03116717,32.9760694,6.139464896
29.08174455,28.39662106,5.441585091
29.10151837,34.67853639,5.326441755
29.13798191,32.80429958,5.185363688
29.14031076,31.46710512,21.1765875
29.14086565,45.81381747,21.02907197
29.14648528,55.89813409,19.35551092
29.14824757,68.72083043,18.88922701
29.14833671,83.26709877,18.89555968
29.16397227,61.67249244,31.16236363
29.18788518,53.93221267,21.24583099
29.31577268,21.36619779,6.284179516
29.31837009,35.08689334,6.249947645
29.32615115,30.45575092,22.06886898
29.32680179,44.76117626,21.87919846
29.33217485,55.14306583,20.18986316
29.33474072,67.18531223,19.46080381
29.33582297,80.46908672,19.18211446
29.33640947,94.22641409,19.04774438
29.34307027,97.4791381,17.32597859
29.39036976,39.55533257,25.782331
29.39934054,48.17183339,22.39909416
29.42424926,45.008286,15.60106298
29.42479148,59.21614989,15.51774078
29.45512946,33.55522266,26.73054042
29.48641065,33.88574457,16.65252267
29.49986763,41.19928739,13.9326008
29.56053971,14.19726238,23.65018634
29.90883086,17.4103687,5.042603328
30.04369294,3.755883978,20.9971333
30.12635266,17.59484577,8.088614523
30.13475697,29.95966464,7.64088934
30.1410193,26.78604376,23.32922238
30.15309712,21.65615398,35.39448432
30.16204468,18.58717909,46.41318791
30.17041735,30.80694694,40.05808294
30.17702394,27.36364101,51.71796595
30.19373118,20.39928815,54.44594418
30.19619325,19.58177162,68.06976957
30.20227158,17.68463774,76.84954351
30.35925926,18.04674306,8.135879117
30.48932089,18.53535512,5.2580769
30.60591248,18.93397497,5.050654247
30.77926754,3.272448589,20.99562285
30.89101242,2.824373149,22.70608463
30.93647101,2.802647489,28.12933579
30.94301577,2.825635175,41.29078047
31.13236607,2.768981761,21.81646096
31.14382883,2.793368717,34.36988922
31.15836947,2.810024205,42.95696097
31.18310911,2.812229917,44.13981534
31.18788473,2.836458533,56.57384279
31.21357135,2.827194863,51.85198004
31.22880646,2.834371468,55.54431463
31.23171885,2.859986503,68.68391701
31.24974757,2.853572299,65.40333857
31.27771345,2.834292217,55.52381768
31.2853354,2.851554803,64.379396
31.29172672,2.868854294,73.25343665
31.30199801,2.875332204,76.57761601
31.30252938,2.905052122,91.82083645
31.30734178,2.92071213,99.8534252
31.31254139,2.933639228,106.484308
31.32446924,2.92283524,100.9443008
31.32943612,2.93633929,107.870886
31.35066158,2.898148769,88.28472311
31.355003,2.915838174,97.35773225
31.35654703,17.57416651,94.5801615
31.35824926,17.10869535,107.5814966
31.36313464,15.80197256,114.0319784
31.3761629,12.83598323,105.0203095
31.41678096,21.88212784,49.4176063
31.42658172,18.50526245,57.51011315
31.43983623,14.86431919,61.28096179
31.52626307,4.920299358,30.98727895
31.53554493,19.21398633,26.61443463
31.55266972,29.09903757,20.37548319
31.68325967,4.702072635,22.12289578
31.69584414,4.29573415,34.31139915
31.72136984,18.33583634,22.62096949
31.7235892,32.32233955,21.88674805
31.72737469,30.19623608,36.65494777
31.72793023,44.55662433,36.33620253
31.72975026,57.72549227,35.24691917
31.73683303,65.12626999,31.28219635
31.73712516,64.79400257,47.12898748
31.73998692,61.3730215,60.78503412
31.74507012,55.73592674,71.39180954
31.75095723,49.88013897,80.0166143
31.75247208,48.50441626,93.7776672
31.76550216,52.66833617,73.44068669
31.80546736,25.21872249,51.77038086
31.80918341,38.27215498,48.45103969
31.81254813,50.62324457,45.65392684
31.8164786,47.03419447,58.5800081
31.83420259,33.84399804,58.58654516
31.87627554,16.17712385,44.09662365
31.89935392,11.23897405,45.64008811
31.90208441,10.8182607,59.47986018
31.90272058,10.74727063,74.79094203
31.91117925,9.531573516,79.92784894
31.93184151,7.262382903,70.5626541
31.94050799,6.573211603,76.12800657
31.9598447,5.373624138,69.31322463
31.9786934,4.576352506,65.11264675
31.98688201,4.329497719,72.03076325
31.9873406,4.346142768,87.41867484
31.993548,4.189323253,93.79544271
32.01726388,3.671517686,76.25589158
32.02055327,3.643132294,87.71854215
32.02091612,3.667766799,103.1203271
32.02518084,3.622762307,111.0976387
32.03197416,3.541270898,113.6180718
32.03611352,3.508465212,120.9874894
32.04265202,3.444940845,122.7688892
32.05573726,3.312836542,111.649746
32.06213556,3.274714203,114.8385417
32.06679266,3.257976298,121.0693425
32.07786856,3.185406021,114.0052673
32.10516208,3.027447625,84.14819537
32.11339394,3.014363683,88.13262676
32.11381077,3.04324606,103.4423383
32.12464159,3.014553089,100.2683515
32.12713522,3.032184882,111.6332357
32.12981404,3.047916343,122.0701772
32.13043089,3.075284266,136.6346213
32.13219588,3.094703286,148.0687299
32.13893375,3.080644653,146.0309259
32.1467286,3.062053513,141.6717863
32.1508866,3.06721117,146.7653661
32.15834319,3.05248443,143.1236632
32.1651999,3.043091252,141.422702
32.16792286,3.057996718,150.1915293
32.17341786,3.055653863,151.0798429
32.17660734,3.067079953,158.0520073
32.17672746,3.097480394,173.6846852
32.17914855,3.111577491,181.7109224
32.18393109,3.108490388,181.5909666
32.18949219,3.100451149,179.002317
32.19582552,3.088257046,174.3000116
32.20103497,3.084573595,173.5479469
32.21647475,17.6557063,128.7994239
32.21893321,16.97104468,138.8591924
32.22071412,16.50412642,150.1749879
32.22550115,29.91087348,136.9509903
32.2258019,29.77910166,152.1595896
32.22594597,29.73248942,167.7361087
32.23983425,37.84889175,128.2980346
32.25091514,30.90034906,119.7877621
32.25356489,29.47782209,129.8625872
32.25522483,28.63578902,141.7850952
32.26068276,25.98861647,143.6392187
32.26162786,25.58441456,157.0430968
32.26569945,23.82874143,161.1521021
32.27809088,19.22989294,142.8743382
32.29219939,15.20592531,124.9757221
32.3116654,11.21570511,102.2836055
32.31179014,11.22577072,118.0411213
32.31524515,10.69011487,126.493261
32.32281467,9.603818419,125.424013
32.32331877,9.5661173,140.2158629
32.33434349,8.245734202,129.4583712
32.34382578,7.32509141,123.9573363
32.34507665,7.242897356,137.018027
32.35083101,6.784113684,138.6654157
32.3525062,6.681920851,150.2610518
32.35858025,6.261704957,149.6435575
32.36702307,5.745073248,143.1693028
32.36978784,5.614383924,151.7361772
32.37363682,5.432297764,156.8637974
32.37513542,5.383871772,168.3794458
32.37601338,5.368974164,181.5355033
32.37663418,5.367677223,195.3570235
32.38082536,5.187248775,196.0505442
32.38472696,5.034421719,197.7087604
32.38838373,4.903503595,200.1175073
32.38857659,4.926353424,215.3662381
32.38990851,4.89996529,225.8361961
32.39116742,4.877349644,236.3451064
32.39265201,4.84589209,245.5768106
32.41557969,4.100971592,173.0897431
32.41811714,4.064612001,180.7718245
32.42179195,4.001643759,184.3160746
32.42987196,3.843944116,173.5577973
32.43075253,3.855793568,186.6150763
32.43397368,3.817107428,191.2833394
32.43943378,3.736435644,188.0115087
32.44639132,3.637638837,180.2368936
32.46113531,3.438510692,151.483468
32.46160336,3.463158314,166.1185179
32.46602174,3.432832578,168.4912152
32.46760691,3.442274713,179.3890221
32.47415475,3.386748234,173.9829641
32.47609916,3.393113443,183.5373606
32.47910666,3.385934104,189.1145084
32.48043893,3.400033956,200.2732786
32.48353948,3.391287641,204.5315576
32.48779974,3.368941224,204.2340219
32.48867327,3.38917046,216.7833283
32.49084201,3.392629804,223.7933285
32.49188018,3.410326826,235.2970902
32.49237673,3.434856216,249.0212071
32.49278335,3.460389367,263.0446827
32.49738535,3.427866222,256.3538615
32.5021132,3.396616015,249.6750624
32.50341964,3.410767473,259.3645813
32.50468341,3.425115359,269.0157587
32.5056689,3.44285661,279.8628387
32.50927702,3.424823047,276.7263219
32.51054293,3.438791453,285.9328665
32.5144044,3.417734999,281.0526962
32.52072307,3.367969046,264.2805305
32.53123541,3.279285656,231.1156389
32.53325478,3.288966387,238.1650304
32.53444724,3.307124203,248.6698347
32.53664399,3.31375975,254.1956357
32.53782775,3.331431443,264.3649768
32.54021465,3.334858273,268.273939
32.54229256,3.341666104,273.55667
32.5442044,3.350130623,279.4814891
32.55125613,3.300509827,259.3750974
32.55183687,3.325183712,272.437567
32.55375587,3.334185281,278.3674877
32.56082314,3.286500503,258.3338822
32.57169863,3.210034915,224.8108394
32.57538302,3.207537906,225.195348
32.57768327,3.217520426,231.2944126
32.57784314,3.247177976,246.5719529
32.58871773,3.178406558,215.3516268
32.5893201,3.204301194,228.8325292
32.5935013,3.197907995,226.8754555
32.5955058,3.210942032,234.1561288
32.59662903,3.231581438,245.0653983
32.5973885,3.255302394,257.4463382
32.59798631,3.280322953,270.4458728
32.59830476,3.308061063,284.7605274
32.60372105,3.280500234,272.0382792
32.60484632,3.299572842,282.0954291
32.60811084,3.295131997,280.581248
32.6087397,3.319336045,293.1367736
32.60905712,3.346838382,307.3132509
32.61170636,3.346498195,307.7118058
32.61754028,3.310432735,290.373852
32.61938159,3.320849758,296.0555034
32.62028645,3.341551733,306.8353966
32.62484873,3.319917259,296.5127875
32.63107635,3.282701944,278.3735224
32.63954664,3.228663741,251.771708
32.6472341,3.189612461,232.6025974
32.65004078,3.19603285,236.178041
32.65256103,3.204602722,240.8139491
32.65438835,3.218972628,248.3511097
32.65734485,3.222423413,250.3784914
32.65921537,3.235748496,257.368058
32.65955604,3.263548912,271.6543501
32.66624973,3.228611307,254.2418561
32.66983835,3.225672415,252.9795273
32.67059884,3.249472687,265.2362243
32.67173547,3.26912159,275.3869001
32.67309639,3.285995279,284.1264195
32.68021,3.244219905,263.1092256
32.68442457,3.234312332,258.2440042
32.68449677,3.264788357,273.8784972
32.68692793,3.270875659,277.1171925
32.68944347,3.275814504,279.7650783
32.68972222,3.304007401,294.2373894
32.69378352,3.290870447,287.6721241
32.69417455,3.317741439,301.4699603
32.69429125,3.347580071,316.7787076
32.69512255,3.368687312,327.6377579
32.69574348,3.392071155,339.6556778
32.69617829,3.417583959,352.7580008
32.69652653,3.444047024,366.3442195
32.69988325,3.429252325,358.8814871
32.7001269,3.457076661,373.1611739
32.700188,3.48739115,388.7114608
32.70027745,3.517243148,404.0255529
32.70330012,3.502594266,396.6173205
32.70545157,3.501492946,396.1234762
32.7067662,3.512817405,401.9736263
32.7098102,3.498116182,394.5263913
32.71649923,3.433849551,361.7498405
32.72048172,3.411598288,350.4364623
32.72216006,3.420484233,355.0334757
32.72645871,3.395270532,342.1968021
32.72875059,3.396917453,343.089036
32.73235511,3.38212655,335.5733782
32.73379191,3.39501205,342.2089761
32.74221908,3.323952287,305.9050403
32.74229117,3.354300244,321.4714138
32.74920305,3.305635659,296.6114948
32.75593406,3.265052719,275.8815845
32.75756055,3.279307067,283.2113764
32.75848779,3.300515217,294.099357
32.76119021,3.301996171,294.8883486
32.76343055,3.308379959,298.1857617
32.76695176,3.30063565,294.2482046
32.76715807,3.329505091,309.0570862
32.7676963,3.354343178,321.8014043
32.78795835,3.179433104,232.2461993
32.78929862,3.19889341,242.2354599
32.79187343,3.206842445,246.3276205
32.79207791,3.236115187,261.342579
32.79253411,3.262766112,275.0142492
32.80682052,3.162980426,223.9051979
32.80740307,3.189227034,237.3693666
32.81900206,3.126535438,205.2588015
32.82194352,3.135404448,209.8171795
32.82787835,3.121869327,202.8926999
32.83239209,3.11973492,201.810026
32.83466989,3.133830035,209.0449931
32.8353614,3.159557811,222.2422658
32.83609463,3.18458367,235.0796067
32.84312848,3.15687853,220.8853726
32.84453218,3.176415578,230.9086381
32.84706942,3.185807426,235.7306024
32.85053162,3.186893505,236.2940061
32.85312121,3.1953182,240.6194527
32.85547445,3.205385205,245.7866238
32.856767,3.224595707,255.6416094
32.86459058,3.18498456,235.3366697
32.86942649,3.174765777,230.101701
32.87134323,3.189450175,237.6355147
32.8750493,3.18823275,237.0152864
32.87727904,3.19969314,242.8956115
32.87889609,3.216124186,251.3246354
32.8799569,3.237235295,262.1534342
32.88564785,3.214480617,250.488016
32.8979514,3.141248763,212.9374906
32.89888289,3.164959806,225.0993558
32.90204413,3.16985856,227.6139599
32.90591884,3.16868357,227.0136773
32.91747449,3.110542872,197.1997606
32.9176107,3.140718736,212.6768169
32.92298382,3.130651946,207.5159934
32.92815055,3.123077917,203.6333709
32.92959686,3.143229919,213.9697301
32.94062332,3.093782573,188.6121387
32.94114621,3.121253294,202.7018347
32.95207764,3.076743487,179.8759059
32.95453667,3.091574357,187.4831156
32.95832503,3.096805974,190.1671849
32.98049457,2.99869122,139.8484824
32.98341949,3.014946253,148.1859517
32.99261786,2.999226264,140.1243226
32.99337211,3.026477009,154.1011198
33.02242177,2.92956108,104.3958528
33.03082886,2.930761049,105.0117503
33.0466799,17.54158396,77.86955032
33.04947321,31.40092312,73.9409837
33.05285547,29.5571888,85.43123492
33.06379992,24.31558112,85.61806976
33.07131711,21.33449169,90.36384437
33.07259612,35.52857228,88.23885197
33.11139091,32.49380162,43.34191098
33.12119695,27.22547543,52.5125688
33.12713094,24.51607888,63.19479608
33.13089251,37.60143777,59.00799469
33.17689606,31.29320672,26.54910811
33.24102671,10.68626348,26.97136053
34.23770829,2.76694466,20.99385224
34.37629211,2.76889614,21.99476115
34.39367472,2.790357813,33.00230563
34.40680095,2.808944548,42.5353144
34.41591469,2.827943632,52.27981384
34.42054847,2.850978866,64.09442729
34.47325078,2.807105035,41.59184107
34.48415596,2.824317751,50.42012463
34.5294479,2.802744298,39.35524899
34.53450995,2.82748915,52.04671346
34.54246503,2.845190558,61.12564407
34.54353437,17.50667939,59.96898776
34.54917082,15.96318762,70.10818676
34.55835587,28.4072241,59.21209189
34.57144987,37.15640743,46.75149068
34.58685791,28.05914662,51.6771997
34.61173116,32.79795698,33.41171307
34.63320043,36.96731373,23.52239798
34.68391698,15.18084924,27.71311301
34.80970006,3.772626253,22.82977788
34.83012006,3.456170165,32.8495791
34.86310325,3.139420431,35.39593157
34.87491385,17.71829794,29.03083418
34.87893212,16.59252621,43.17461605
34.88274818,15.60550632,56.36898124
34.88424734,29.88916332,54.88254547
34.89594538,24.25596175,60.47535576
34.91196909,18.38641633,61.26254276
34.9213483,15.74071092,67.63825453
34.92293572,15.36550478,81.68057202
34.94224736,11.35028173,73.11104601
34.96455264,8.281247168,64.5967362
34.97011902,7.728199673,74.31724956
34.98160916,6.734396359,76.08442949
35.00809331,5.121314569,62.85135055
35.03479843,4.165351752,54.90960591
35.06995864,3.474593165,45.701953
35.07889868,3.384819507,55.03686211
35.11093183,3.108967713,47.36363297
35.11677403,3.099006095,58.69120294
35.12686174,3.063833024,64.88042439
35.1380387,3.029307881,68.88410577
35.14383128,3.028390198,77.89492975
35.15940436,2.981267786,74.38477738
35.1602015,3.008580061,89.28721028
35.16270027,3.026475767,101.1780809
35.16431953,3.048406816,114.1129741
35.16461906,3.077734891,129.4611844
35.16956951,3.076692864,133.7281394
35.17850157,3.052111989,128.6679317
35.17943191,3.077475358,142.3879604
35.20641086,2.966168857,101.0937178
35.21469561,2.962180276,102.4196498
35.21906908,2.974411429,110.2598786
35.23484347,2.941032769,97.77832332
35.24476483,2.935281169,97.07886802
35.24596325,2.961751044,110.8979251
35.25239246,2.965677004,114.1194297
35.26383197,2.949851174,107.8027007
35.2744774,2.939988289,104.0869938
35.29269206,2.908827,89.83257651
35.30393023,2.90518279,88.7549295
35.30974959,2.917762661,95.55208387
35.31054586,2.946082436,110.1212651
35.33691973,2.891060532,83.02862017
35.42315109,2.79462726,34.90271927
35.42420284,2.824597151,50.28009316
35.4310554,2.844413462,60.48003026
35.43376793,2.869870862,73.55000097
35.44824602,2.867346999,72.31435919
35.4853523,2.829598473,53.0451718
35.51619304,2.817591414,46.92522542
35.57306712,2.793185345,34.43809771
35.58065616,2.816292452,46.29160564
35.59987288,17.45439598,33.14474804
35.65983255,7.203693025,29.47956159
35.66221288,7.027168873,44.34113347
35.66963608,6.466281788,54.91237672
35.74780465,18.18083482,15.4793639
35.8513311,4.714863865,22.31626674
35.85235689,4.705870032,37.96444334
36.01651999,2.84083543,22.23043533
36.18424167,2.770615216,21.59590916
36.20685366,17.4217356,15.58721516
36.20751055,31.89385934,15.48003563
36.21671525,41.6549528,13.74795928
36.22605374,35.05566674,28.25651051
36.22664759,49.33787681,28.01293766
36.23580194,56.20494506,24.19284007
36.24195348,64.67896234,22.00138698
36.2458201,74.73309262,20.76681306
36.26299967,68.4614064,16.21143111
36.26654458,63.99412545,31.44360452
36.28083503,63.42947358,24.89945795
36.28285715,61.05503883,40.1104269
36.28291448,75.65201691,40.10127159
36.28483761,87.56452377,38.80767443
36.2855215,101.0759587,38.37940994
36.30246884,87.46894955,28.8128419
36.31778563,65.14238843,38.5279012
36.31974122,77.41247678,37.27273005
36.3315807,76.3312428,30.49806331
36.38856415,40.9445845,13.18441131
36.46136044,26.30925638,6.934894943
36.46396684,39.77569987,6.867391206
36.49473584,37.41725901,6.037492209
36.51206511,41.92279657,5.762910837
36.53275711,43.30637325,5.533387315
36.53406648,42.28892409,21.5193798
36.53672977,54.90102361,20.69325353
36.56660118,46.10218584,13.66316582
36.5761962,38.56112932,28.14935679
36.5799971,35.96988935,42.45430355
36.62807195,15.47302414,35.31571106
36.6521156,25.27429103,23.77125192
36.67521077,31.60071006,16.85628334
36.68096122,28.4959639,31.56747066
36.70424199,18.93788467,37.67536541
36.73430089,11.64839706,38.90869682
36.74866575,9.454002748,46.4397258
36.75831774,22.93841256,39.19496452
36.76819157,33.98188648,33.09719766
36.76842092,48.50269458,32.99966805
36.77015024,61.61064341,32.07869109
36.78190487,49.30741092,42.40430377
36.78961217,57.31830831,37.09119686
36.79102932,70.45679599,36.2253178
36.79217577,83.58549835,35.54844743
36.79322608,96.56866378,34.9443883
36.80705215,88.56407217,27.73996008
36.81608039,74.41629955,39.98221576
36.81832179,85.93777795,38.47948523
36.82288658,93.34200665,35.58887301
36.87428626,35.17897676,31.93840243
36.88828619,41.91965204,25.38923299
36.90094561,47.81886322,20.85832445
36.915592,51.03498666,16.86105532
36.94122751,46.32453031,12.13187639
36.9747776,25.0493646,24.64275064
36.98233611,21.94999012,37.88598221
37.04622024,22.75422466,14.19143972
37.13810537,5.953540127,22.45793912
37.14386778,20.26707179,20.58797501
37.17142757,27.50215871,14.01123652
37.21106106,13.97708148,25.07540464
37.21328148,13.51998909,40.20306482
37.24805934,8.146085162,38.55605055
37.32536293,18.55240661,12.17653361
37.36015986,10.65322812,24.57514999
37.37419989,8.746057571,35.78118684
37.38836102,7.294822968,44.18750688
37.41225956,5.593754108,45.29545808
37.49523143,17.94327776,12.69220646
37.4975895,31.90652379,12.36865643
37.55325355,26.98155286,7.44745005
37.63136166,22.48346818,5.539462091
37.70462472,21.96162527,5.151030353
37.74330547,11.63665486,21.06633579
37.74564896,11.26029206,36.33034176
38.16776401,2.768782138,21.00060687
38.19327322,2.786777133,30.60402913
38.21532521,2.799774346,37.47055645
38.26031173,2.79298235,34.20142938
38.38913321,2.771296941,23.21493892
38.39070162,2.801394634,38.65218353
38.40109827,2.820265909,48.33316444
38.41659303,2.828939679,52.78422599
38.41978924,2.854364418,65.82479921
38.44314346,2.841295898,59.12430468
38.46529597,2.83471355,55.7496218
38.46779855,2.861077598,69.27167983
38.47996629,17.49781041,55.41833598
38.51407593,24.8618836,30.51491243
38.52871387,33.91012131,24.06882032
38.54581121,39.54539292,18.57554567
38.58679987,33.61536431,11.00813641
38.60812674,37.55669892,8.95087483
38.67649673,26.27083695,6.033108284
38.80782984,4.468989297,21.06900602
38.8129732,4.33075495,35.49755057
38.82627673,3.989333026,44.37137821
38.85650377,3.451809219,42.50675642
38.86942935,3.319886201,49.96126768
38.88838964,3.166730817,51.76972333
39.15191244,17.40176957,5.265486384
39.18694856,10.04461588,21.12861278
39.18843582,9.861608874,36.6556863
39.19742003,8.72084347,47.44834142
39.20493945,7.916362808,57.52052665
39.23210794,5.775781653,51.50066514
39.32247884,3.265744791,28.62455144
39.38987275,17.53724183,11.16402448
39.43023727,24.00198204,7.777269255
39.43332834,37.39089261,7.641493145
39.53151249,22.26307762,5.396562143
39.87684293,17.41910351,5.025402638
40.04996615,17.8599122,5.025986718
40.05815618,30.23862599,5.052224914
40.06893057,39.57094516,5.07200533
40.08031819,46.73221013,5.087183916
40.13241622,32.91985126,5.057901023
40.14512366,40.80963173,5.07462498
40.14578176,54.97558653,5.10465339
40.19483452,36.98506717,5.066516754
40.21868915,38.65416884,5.070054612
40.25425019,35.03709175,5.062387077
40.26183918,45.15214294,5.083828537
40.26557249,56.76422128,5.10844335
40.30227595,43.33062616,5.079967266
40.31560579,48.49449118,5.090913407
40.32976866,51.87080096,5.098070361
40.33139835,50.32631231,21.0946667
40.33467927,47.33495095,36.07201731
40.34415987,54.29558152,30.73529144
40.36384605,52.17874846,22.38859974
40.39582749,43.48014999,14.20048919
40.40625775,35.83981127,28.46697166
40.42544821,39.95207728,21.01628915
40.42604933,54.17113018,20.85589841
40.46629371,40.39827579,12.11749738
40.83491268,17.42321983,5.029475784
40.95892885,18.62913227,5.027976476
40.99609117,10.32532077,21.01005035
41.01070174,23.06600969,16.98281817
41.03551117,29.77756661,12.32440367
41.11760027,8.003178761,22.41328899
41.11914728,7.873893633,37.88251661
41.41715622,17.41280737,5.109834066
41.4414417,26.4297685,5.09631948
41.45639995,34.96717589,5.100925423
41.49819683,31.37084098,5.071384771
41.51432351,38.14028331,5.081111223
41.51540687,52.04522563,5.110326027
41.90696583,2.786528241,20.99389842
41.94147855,2.792407724,29.01701931
41.9479597,2.816715014,42.09638636
41.95960658,2.831086012,50.38653858
41.97209448,2.841211011,56.35421936
41.98813246,2.843467504,58.26077098
42.00798724,2.83936041,56.80354729
42.01015127,2.866167165,70.60896147
42.027139,2.859795082,67.7081608
42.07543769,2.814158042,44.86366741
42.09314908,17.45457446,33.0022081
42.18937264,19.54780909,9.112891172
42.30610543,4.395088636,21.39274948
42.33994818,3.610242274,29.32795019
42.34251158,3.597734112,44.11177018
42.39710214,17.68884288,18.15326763
42.44177989,8.885727705,26.37863884
42.46128343,21.5631446,19.50264955
42.47083297,32.95362099,17.01124698
42.69189314,3.130156174,21.13829761
42.83828775,2.788049248,21.85773345
42.85413899,17.43764458,17.30713248
42.89957279,23.32526308,9.987933958
43.15900684,17.51443011,5.052862961
43.16313459,31.00718494,5.079275792
43.24227908,23.20596168,5.042530831
43.2961684,9.733942378,21.01039823
43.33750043,5.828770706,28.00132999
43.34000203,5.709023777,42.87848273
43.36145311,4.702979822,45.66222778
43.36183271,4.719296614,61.35457937
43.37210242,4.382199482,66.88982282
43.37256058,4.398376961,82.32518011
43.37388084,4.386245039,96.30989624
43.44380243,3.17459074,43.54743993
43.44503622,3.195089898,58.60767478
43.45368048,3.153357753,66.09557887
43.46534699,3.097645563,69.37977545
43.48480849,3.012157814,64.62032038
43.48748281,3.028957586,77.51484334
43.5137967,2.940172151,63.83921222
43.56710508,2.837332698,41.25579269
43.61718969,2.804251946,34.31129682
43.63324728,2.816630595,42.25813326
43.65826211,2.815987158,43.58904341
43.89316617,17.40028496,5.376707117
43.92435844,25.25798186,5.230129666
43.92477019,39.73707734,5.259276186
44.22245797,17.49561191,5.025688424
44.24894334,26.089825,5.043706542
44.25633506,37.54417283,5.067947752
44.28666473,36.37727814,5.065362128
44.29386793,46.52747896,5.086860096
44.29615469,59.23356772,5.113788761
44.30042152,69.27603868,5.135067303
44.32535431,57.81256536,5.110727415
44.34219289,56.72835554,5.108411429
44.34225091,71.32955025,5.139362414
44.34822936,78.26302636,5.154054741
44.36345869,73.09549082,5.143090504
44.37346289,75.00040385,5.147123219
44.37438698,88.34089224,5.175401426
44.38162996,91.460302,5.182010693
44.38185434,105.7268399,5.212252247
44.38249909,119.0711088,5.240538645
44.38362928,131.1347898,5.266110318
44.38483727,142.7336545,5.290696673
44.3853985,155.8348246,5.318467806
44.38698593,165.7143223,5.339409393
44.38861927,175.1401432,5.359389295
44.39210375,178.1982503,5.365870573
44.39649797,178.0998328,5.365660579
44.40944344,152.7618399,5.311946694
44.41249419,158.5454784,5.32420594
44.41290944,171.9206505,5.352558012
44.425709,148.3738353,5.302641973
44.44317421,120.1004148,5.242706636
44.44952373,120.7675619,5.244120128
44.45236203,128.9177993,5.261396394
44.45798909,130.1508329,5.26400961
44.45948522,141.0585276,5.287131182
44.46763155,134.9260021,5.274131059
44.47515587,131.1214298,5.266065774
44.47874282,136.8975853,5.278309626
44.48796223,128.9702634,5.261505116
44.50206567,112.6083683,5.226821227
44.51937186,95.12619197,5.18976267
44.54063212,77.78923821,5.153012036
44.5433708,88.45265034,5.175615872
44.5486563,94.51781203,5.188472483
44.54869535,109.1099607,5.219404344
44.55434392,112.4104743,5.226400566
44.55946165,101.7713452,21.20371839
44.56503546,105.9881504,19.52487354
44.58243078,75.68017331,31.25510552
44.58714762,83.77724936,28.92205924
44.60940846,69.32164987,20.35540879
44.61504895,76.88211356,18.74773838
44.63044361,71.89666959,15.13397345
44.66506384,37.37309108,26.06764702
44.69465806,36.5638328,16.68475295
44.69616705,35.58935565,32.33713333
44.7183734,38.47132819,22.56249919
44.74768371,22.65144781,30.76961523
44.76076591,18.09775187,40.83560049
44.76174387,17.83139833,56.14131381
44.774674,29.05535474,44.51743112
44.78103668,25.94162874,55.79471501
44.7974647,19.47423533,57.56836418
44.83123021,25.91941842,31.78531586
44.83788153,37.69551102,28.4793158
44.83828822,37.44350429,44.28900158
44.8535618,28.3387813,49.94552345
44.8929416,14.41471564,41.4440094
45.14703496,2.839451241,21.22014553
45.22030342,2.790899063,24.74199312
45.22814354,2.814090779,37.87594816
45.23710188,17.46504472,32.51327519
45.31314795,5.985449616,27.00711976
45.34602129,4.450817094,32.40026596
45.67233995,17.40206516,5.065130839
45.73410189,21.66401026,5.045706402
45.96024286,17.60508379,5.025561891
45.99944588,24.18812474,5.039447513
46.15014668,3.820130283,20.99608753
46.15841638,3.686022285,34.55664694
46.79146948,2.766947657,20.99394597
46.87390981,2.772943461,24.07032589
46.88892556,17.4270993,19.1527009
46.90355225,28.36473859,15.59269374
46.9299173,17.893066,27.24920621
46.94105303,14.89800086,38.80572369
46.94451419,14.1157646,52.54426988
46.94477006,14.08887266,68.30149343
46.95666348,26.34929308,54.93076482
47.00893194,11.06857076,38.54975367
47.00932383,11.03470965,54.2877107
47.01548233,10.10416636,64.5751542
47.01645292,9.993707108,79.42966645
47.0313377,8.156176515,76.26442887
47.03711571,7.595824377,84.48639905
47.05475467,6.182276656,76.85579097
47.05751865,6.028120089,88.99104207
47.06949697,5.35793815,87.09697819
47.07423885,5.15187972,95.66828491
47.08601902,4.675914892,92.63512755
47.09274558,4.462893276,97.60328438
47.10428338,4.138181576,94.51949907
47.10781175,4.073822062,104.4195944
47.11223139,3.991818205,112.0082409
47.11291888,4.005861195,126.5468246
47.11323002,4.02917762,141.7927177
47.11787485,3.945630057,145.6569166
47.12914709,3.73262453,133.2655921
47.13674104,3.623352453,131.1910458
47.17005966,3.222789528,85.80469535
47.17307488,3.225482305,97.07540552
47.18185557,3.177802282,98.24487286
47.1910275,3.134910986,98.6162324
47.1999111,3.101129698,99.37604915
47.22095858,3.006788868,82.94846872
47.23561854,2.969105972,79.13809075
47.24223179,2.971390603,85.95222417
47.26750931,2.909077297,69.82575661
47.29950324,2.858350332,55.18333817
47.30825455,2.869860345,63.12461287
47.37932682,2.799314372,35.02456325
47.51663966,17.4036326,6.951994308
47.52211844,30.54512079,6.77985753
47.54090486,36.49872204,6.251564537
47.54746243,47.01255196,6.128064436
47.54771682,61.45165646,6.153392506
47.56230754,61.25488052,5.891020907
47.61946123,36.05764574,5.311030263
47.63932779,25.16297345,21.20698847
47.73529502,6.05708713,23.37235961
47.75757434,4.894091157,32.76430235
47.82932625,17.91346855,11.63730288
47.84608107,13.62309916,25.74566207
47.84959668,12.91507231,40.33660972
47.90238541,6.308563419,33.29038183
47.90404404,6.223184231,48.36705431
47.91362558,5.64621117,56.80321474
47.92918573,4.899047739,58.94754038
47.96176504,3.894495551,49.11547151
47.97420687,3.67042784,55.39575874
47.98146677,18.20791156,48.61508442
48.00932989,26.26161968,30.01010906
48.01188801,25.11945023,44.76234995
48.03204311,32.35732557,31.60001326
48.08921837,26.83994951,13.50436221
48.13947823,26.2210273,8.139588557
48.1682498,30.60913389,6.794321419
48.31257047,18.95421696,5.125418779
48.31518522,18.15906373,21.11865497
48.33648621,27.47257286,15.55612143
48.36108854,32.52300061,11.48245574
48.43845316,23.73897902,6.40591291
48.59060443,18.40120599,5.092338223
48.86120175,2.836858724,20.99429145
48.91306197,2.802782332,26.6650924
49.03433063,2.772873397,22.91056199
49.08190082,17.41389109,11.94438127
49.09300781,29.15385964,10.59095589
49.19441176,20.87586186,5.761503219
49.28523285,20.34925457,5.149814261
49.39229106,19.46945705,5.043320402
49.4784127,20.38871373,5.03382473
49.54553839,22.01030066,5.035423279
49.69297039,18.40975114,5.027174977
49.7083458,28.92428377,5.049454249
49.74211656,16.09547221,21.02211823
49.79763841,21.80044637,10.30492916
49.82932901,12.88201338,23.81169214
49.86801892,7.446987888,29.67369785
49.88992803,5.806674692,36.91745103
50.01250339,3.031546746,23.74450002
50.27263236,2.768572225,21.09702453
50.28178799,2.794275552,34.40249981
50.38003132,2.775148552,25.1161884
50.44946777,2.776770533,26.01218761
50.60958436,2.768612869,21.84860793
50.63269924,2.787643336,31.60952407
50.64140438,2.810546658,43.3565678
50.68543429,2.797950804,36.89650919
50.73881463,2.788331447,31.96293181
50.74345263,2.814868769,45.5737472
50.77817195,2.80645544,41.25863869
51.26996758,2.766948425,20.99579219
51.28324232,2.790869047,33.26451463
51.35695679,17.41217299,11.49730864
51.40995661,7.851695351,23.24699859
51.46821438,4.362476338,26.68651807
51.47810675,4.101666218,38.79252496
51.4781469,4.131765178,54.76532932
51.49473931,3.768720632,56.70963712
51.51694532,3.429480478,54.16371248
51.54045715,3.200425638,51.71781206
51.58803388,2.946378536,39.03619227
51.60751969,2.909593171,44.04895154
51.62873691,2.880673136,46.543602
51.64389428,2.873969547,51.67788413
51.69410082,17.4501926,22.12827812
51.71249562,27.58473116,16.88521842
51.74447642,30.50726583,11.29760141
51.74862452,28.32746717,26.79567788
51.75928577,23.44439368,38.60911448
51.76454688,21.4073047,51.25171902
51.77677067,17.38891705,57.21902485
51.78905388,14.22843185,61.84354593
51.83160331,22.30684418,29.29937069
51.83884707,34.33109749,26.05238059
51.85852402,24.08322318,35.20126327
51.86473354,21.62128128,47.67333186
51.88058031,31.15535732,36.1117415
51.88117209,45.48477999,35.77669641
51.89996874,32.12049516,42.13079704
51.90434397,29.68968111,55.01920903
51.90821839,27.71113235,67.28914997
51.9083166,27.6933178,83.16684243
51.9220149,36.37623782,64.46440055
51.92507653,49.04194587,60.96320001
51.94208433,50.35379334,44.85606605
51.96032898,35.82676938,48.66898512
51.96051863,35.73268427,64.50357041
51.96062474,50.32654006,64.40850218
51.9965609,25.96146677,49.95098683
52.00545889,22.20631373,58.6218434
52.01521685,18.78544808,65.11374101
52.02573104,15.77288793,69.71221399
52.03130875,29.0605299,62.91182153
52.03294932,42.87459513,61.07336934
52.04982811,46.03853736,45.03757368
52.05269525,58.28908755,42.83703361
52.05520641,55.59912616,56.98330898
52.06872541,43.10643432,60.66641401
52.09474769,41.39006028,38.10869445
52.11329501,44.07415619,27.87687633
52.12093795,38.24566904,40.63317334
52.13894053,42.17271042,29.8883874
52.16160269,42.46424895,20.84701835
52.17382348,48.51339883,17.44054454
52.20741449,40.78177362,11.38246463
52.2145575,50.38070445,10.56307336
52.24042887,45.79842623,8.344507233
52.25582958,49.04652671,7.487365654
52.27420152,49.4700283,6.751727628
52.28064012,58.48714225,6.570422961
52.28128007,72.44192879,6.581457494
52.28344425,84.15295863,6.545292503
52.33952326,43.92240253,5.530383226
52.37672962,36.96934386,5.279901411
52.41685492,32.74320047,5.153179541
52.45181813,32.31178088,5.104145786
52.49719814,29.33322711,5.069476387
52.4987313,43.19384598,5.098278376
52.55224516,16.64057044,21.02963953
52.73218905,3.147302758,21.43249988
52.85822154,17.4326457,6.346782337
52.85964542,31.68382148,6.339883125
53.27591992,17.4065668,5.025325606
53.34146572,21.3544104,5.033466772
53.37431003,12.42003399,21.01435793
53.38621002,25.03273456,17.65235752
53.43149802,26.41276625,10.14197939
53.44722452,34.68690193,8.783765582
53.47873715,34.41217779,7.042932665
53.48820038,43.61393491,6.720699205
53.50952637,44.08389328,6.152204039
53.74203901,17.79480838,5.036071822
53.76035279,13.20756622,21.02307947
54.29867673,2.767165545,20.99419032
54.30090657,2.796990718,36.29624367
54.32915982,2.801749631,38.78369295
54.37026848,2.795950225,35.84363293
54.41743881,2.790380872,33.00362849
54.44425606,17.43150687,21.40737793
54.46736099,12.02468757,31.33368063
54.49477573,22.767952,20.2476591
54.5832603,20.81275173,7.624017018
54.72141101,18.54023581,5.19096229
54.90523119,3.167017066,20.9988402
54.93162997,3.021305464,30.43352042
55.13086693,17.40486435,5.498107407
55.14066917,29.45720538,5.43943264
55.48071944,2.796676431,20.9943479
55.50764968,2.802499461,30.33109441
55.51972198,2.819376398,40.89598302
55.54943541,2.813104042,40.81058107
55.60936026,2.79027852,31.79784929
55.63143742,2.802009369,38.22994302
55.86643482,17.40015646,5.32730613
55.88583075,27.3488793,5.25119409
55.8868095,41.53556552,5.277290579
56.2599608,2.789212514,20.99401482
56.30945953,17.41942001,10.97041539
56.32128251,14.35849464,25.71180691
56.34967311,23.98690883,16.76715678
56.37745189,29.59223574,11.77980188
56.38830159,39.01727394,10.48719529
56.41529355,38.54594948,8.226713436
56.43512995,41.48251912,7.199110631
56.49836771,13.70548397,21.61639726
56.50025257,27.96345774,21.03252401
56.5014426,27.40130962,36.65524007
56.5202378,34.33660984,26.76582419
56.52101683,48.51186898,26.4603169
56.52161837,62.62824971,26.23468994
56.54621838,39.38535467,33.98050947
56.54952686,51.70256147,32.15564209
56.55907143,57.85703063,27.46662606
56.56628469,50.48312864,40.44753597
56.5695042,47.53675718,54.23655468
56.56953974,47.5361135,70.20149538
56.57326706,44.34905236,81.51721268
56.57415325,58.28180909,80.20396209
56.5925994,41.1758556,72.99998867
56.59442748,54.45961523,70.58957454
56.60003079,63.63991109,63.66653063
56.69873107,11.22649426,29.14344133
56.73283799,7.059312456,33.20227976
56.73756497,6.700486156,46.65758457
56.74406428,6.248410117,57.57903437
56.75538487,5.567904466,62.92468676
56.76876831,4.933999909,65.32022904
56.76959676,4.929072634,80.32885388
56.8120264,3.705723902,53.23847045
56.92103927,2.876563862,26.4460875
56.92401036,2.899635606,41.20843051
57.28528268,17.39967306,5.051357452
57.34387712,21.94216328,5.042793887
57.37760593,27.1827682,5.049896684
57.38223123,39.68652307,5.076034168
57.4040572,41.28017585,5.078071173
57.44420779,20.03398907,21.03155193
57.74937117,17.43822487,5.06085248
57.78407925,24.74333877,5.058433951
57.85021678,8.629799918,21.01103993
57.86371677,21.8989522,17.25214626
57.89909266,26.84444742,11.06666611
58.29534547,2.775661613,20.99604791
58.30523976,17.43230048,18.15416817
58.41783201,4.313094434,22.37837575
58.43089192,3.981702871,34.38211694
58.43743447,3.860080204,46.77754551
58.44307505,3.7713307,58.31995489
58.44639854,3.735929153,70.89055762
58.44950772,3.706824123,82.9176093
58.4509712,3.710008547,96.66980645
58.45493164,3.667011195,105.6883452
58.45535546,3.690346332,120.8383697
58.45877375,3.658460846,129.1831631
58.46654363,3.556854838,127.3091364
58.48967301,3.283955633,98.00990123
58.49336098,3.276170996,107.395957
58.49427258,3.297602717,121.5458075
58.51043191,3.173636013,105.3586301
58.51376961,3.176555072,114.8775477
58.51790353,3.172771378,122.1579173
58.52206559,3.169061476,128.7998581
58.52210898,3.199881056,144.6923983
58.52245712,3.227856147,159.72304
58.52799593,3.207448803,159.4979336
58.52883833,3.230763597,172.9165782
58.53405749,3.212893229,172.2720208
58.56855812,3.006265652,104.895486
58.61046508,2.883946975,64.20274371
58.65211802,2.831368818,46.73296656
58.65897115,2.850316905,57.38678682
58.67483736,2.850360796,59.14082508
58.69723676,2.840171414,55.58897977
58.75960089,2.796943521,35.52902487
58.76202882,2.825238457,50.08164137
58.78590511,2.8224563,48.96250465
58.89679331,17.40899204,9.811078848
58.91379648,27.84286981,8.453495661
58.92038777,39.40578782,8.057299641
58.92351217,51.84827818,7.902816692
58.95544085,43.33318296,6.56103034
58.9683379,48.76678787,6.235816195
59.02464634,32.32618918,5.427714639
59.08072281,27.03956194,5.166323031
59.0908707,37.23906489,5.165737763
59.0958622,48.62475255,5.180496925
59.142871,20.68931251,21.06672316
59.15411482,31.73753537,17.86098157
59.25668134,21.12813221,6.679237778
59.28484186,13.23916754,21.95343789
59.43972336,3.24123803,21.75967803
59.57746335,2.79910473,22.0605194
59.60675512,2.802210918,30.4938183
59.63065849,2.808149616,36.80329209
59.63993299,2.827087472,47.41780906
59.65100198,2.840144271,54.99288218
59.67017505,17.47069885,39.09921106
59.68733185,13.22200641,45.19298261
59.69647719,11.50038037,54.47347785
59.69919318,11.06818298,67.85739144
59.70177708,10.67971119,80.69117711
59.7057032,10.11098965,90.97456123
59.71729379,8.616214004,89.18470745
59.72821428,7.493638404,88.66606891
59.73823621,6.660666378,89.46877167
59.74231564,6.384348789,98.85019384
59.78864673,4.211384675,58.15050954
59.79908542,3.964538992,64.13461199
59.81539293,3.653758285,63.67550196
59.85413443,3.189946882,48.0332817
59.8978057,2.956580758,38.9636001
59.91022499,2.93920629,47.49220877
59.91337053,2.957996399,60.90090495
59.93155111,2.921442294,59.85822442
59.95066611,2.89364125,58.42723782
59.95265129,2.918690646,72.34724312
59.96926496,2.898166925,69.30579434
59.97194129,2.920897309,81.95385002
59.97736795,2.933050114,90.03838696
59.98972389,2.921046128,87.41766119
59.99991833,2.918064112,88.21478051
60.00868514,2.919938769,90.83071983
