strategy,lambda,order_size,aggressiveness,latency_sensitivity,risk_cap,seed_count,realized_pnl,return_volatility,sharpe,max_drawdown,trade_count,fill_rate,avg_latency_ms,liquidity_pressure,inventory_volatility,inventory_turnover,market_price_volatility,market_mean_net_flow,market_net_flow_volatility
mean_reversion,0.05,2.0,0.5,0.4,20.0,2.0,-1437.012309502155,5.528635854068011,-3.682205871438409,1560.5618868369265,2183.0,0.6536857400846652,3.508918885593487,0.41848626204344974,15.311369560854772,0.8369725240868995,0.36215131612546947,-0.0010919586587911795,0.6418944442447254
mean_reversion,0.05,2.0,0.5,0.4,35.0,2.0,-1832.3030406476537,8.846284177697282,-2.930330500207105,2061.388849495902,2618.0,0.6648095400593816,3.5683175089240655,0.5132579143322633,24.315625330834628,1.0265158286645266,0.3628011498237674,0.003307453524682829,0.7140204739359783
mean_reversion,0.05,2.0,0.5,0.4,50.0,2.0,-1260.3724191295246,11.604588183718715,-1.5187177987418723,1909.8355376617674,2863.5,0.6748788283419032,3.534227120052962,0.5633943922338331,32.303718928983855,1.1267887844676663,0.35753086143021534,0.002132448959564431,0.7485050483446034
mean_reversion,0.05,2.0,0.5,0.8,20.0,2.0,-1247.6582349456207,5.487709249298125,-3.210077186051814,1421.1244861192315,1904.5,0.5476902397814429,3.40201902593439,0.3651779766295531,15.143727550605243,0.7303559532591062,0.36360466902135324,-0.0010246635103284176,0.5997229296902189
mean_reversion,0.05,2.0,0.5,0.8,35.0,2.0,-876.1186224490733,8.459576512155634,-1.4579122093808379,1226.983733050512,2383.5,0.5634868264352909,3.414604984717356,0.46597109929231034,23.47737955770176,0.9319421985846207,0.3596027413281932,0.0010686980665675703,0.6799459665322358
mean_reversion,0.05,2.0,0.5,0.8,50.0,2.0,-1912.334746089607,12.280058702319053,-2.2205209792260137,2297.2842771072746,2323.5,0.5497498021921239,3.4043945011899983,0.45738693286491683,34.536145386211714,0.9147738657298337,0.35937420107934714,-0.0030877325019530305,0.6745578050682324
mean_reversion,0.05,2.0,0.9,0.4,20.0,2.0,-1636.5271927674562,5.575391945004979,-4.1407486242654,1744.2190462046692,2200.0,0.6469661646482942,3.5481502763890393,0.7494520083556806,15.33508808578313,0.8327244537285052,0.3688098219311895,0.0018731897235015954,1.1505660326489915
mean_reversion,0.05,2.0,0.9,0.4,35.0,2.0,-2084.2634944553765,8.865812862529559,-3.2602862876321055,2274.980604195912,2680.0,0.6636048112815236,3.5391864430637514,0.9375118978766507,24.18270100740592,1.0416798865295616,0.37075303774947066,-0.0030850061156513743,1.2915044124049286
mean_reversion,0.05,2.0,0.9,0.4,50.0,2.0,-2900.588630219254,12.518499329074338,-3.247063846074365,3160.215443953713,2783.0,0.6710985995182015,3.5138223104858755,0.9845952208406394,34.1889978546355,1.0939946898228776,0.3673679015004846,0.004612750494586201,1.326879834646681
mean_reversion,0.05,2.0,0.9,0.8,20.0,2.0,-1310.5379987353213,5.415009062712751,-3.408424089501438,1420.0912191446043,2011.0,0.555128227112835,3.4139443366653923,0.6903998757526488,14.744537388623357,0.7671109730584766,0.36856283108074334,0.002794898285414323,1.1065160108694279
mean_reversion,0.05,2.0,0.9,0.8,35.0,2.0,-2089.9009618218797,8.810482859828682,-3.3429767781027966,2369.5762592892256,2238.5,0.5584888181699289,3.409067292701124,0.7886163416965094,24.394167737224016,0.8762403796627543,0.36314331975078196,0.001097846017745232,1.187165954790879
mean_reversion,0.05,2.0,0.9,0.8,50.0,2.0,-1727.4605591676423,11.586720402245694,-2.0668919137188935,2161.730646449734,2486.0,0.5672353281072038,3.39897215058379,0.879933195215101,31.646472674385052,0.9777035502389575,0.3709931275140076,0.001635918366001423,1.254487944990974
mean_reversion,0.05,2.0,1.3,0.4,20.0,2.0,-1944.3394570585024,5.623684129761816,-4.88721907657996,2014.2296200301382,2309.0,0.6604723546588136,3.5617816489091103,1.1378712722174424,15.000894100247162,0.8752855940133993,0.3830873555139125,0.0021779930040855674,1.7043393382754526
mean_reversion,0.05,2.0,1.3,0.4,35.0,2.0,-2378.068384594662,8.967976564996576,-3.7056654417040833,2522.592567121036,2657.0,0.666338378733512,3.5600676957421715,1.3424420049253647,23.992878137698323,1.032647696096395,0.3805849346938951,-0.0011644893777427573,1.858127055779664
mean_reversion,0.05,2.0,1.3,0.4,50.0,2.0,-3205.295786146936,12.542361646088963,-3.543818446741127,3400.480748368326,2819.5,0.6649075717885037,3.484895313868048,1.4383823567990484,33.054442626349505,1.1064479667684486,0.3851202769091252,0.010491198192485306,1.9270128590895128
mean_reversion,0.05,2.0,1.3,0.8,20.0,2.0,-1345.898577959067,5.3027359944671915,-3.5880716482849273,1406.8681301106594,2067.5,0.5474569842100216,3.4173862543952778,1.0175183124593141,14.49953498021615,0.7827063941994671,0.37477577913315796,0.0040719772375672845,1.6118148603560762
mean_reversion,0.05,2.0,1.3,0.8,35.0,2.0,-1771.8769868992563,8.604534134613296,-2.866509032079198,1942.7099387917856,2369.5,0.5603132269952329,3.425159751419061,1.1985380902992597,23.287613914768315,0.9219523771532521,0.37794637512834217,0.00031011651765857663,1.7557492098052103
mean_reversion,0.05,2.0,1.3,0.8,50.0,2.0,-2225.859314681811,11.731199954601099,-2.589634961034209,2632.75308630577,2508.5,0.5682439720006163,3.402260124526565,1.2810976105218121,31.184807792310824,0.9854597004013603,0.3853632871903989,-0.00027608881432311075,1.818861954531906
mean_reversion,0.05,4.0,0.5,0.4,20.0,2.0,-1456.1020160496646,5.738367616650623,-3.588938300363165,1569.3603115149283,1984.0,0.66057637245033,3.542742571175486,0.7067160122502261,15.90499063326417,1.4134320245004521,0.3693551162889581,0.001318254915111811,1.164426709979261
mean_reversion,0.05,4.0,0.5,0.4,35.0,2.0,-3741.9485661103126,10.116268837630615,-5.221952000458503,3922.671788204014,2005.5,0.6485434488864725,3.5644153122228026,0.7546018515159452,27.71671945290794,1.5092037030318903,0.3705595451358218,0.0,1.2145091380305622
mean_reversion,0.05,4.0,0.5,0.4,50.0,2.0,-3519.186438767526,13.46322860075578,-3.6976875471552058,3802.931728756905,2408.0,0.6571920465394008,3.541914281706922,0.9228127515752579,36.58397006811215,1.8456255031505158,0.372390378148977,-0.0008945184856576789,1.3490582720241293
mean_reversion,0.05,4.0,0.5,0.8,20.0,2.0,-1411.2267534262394,5.822857412077565,-3.427552178428251,1559.1374923341573,1702.5,0.5521612059262091,3.419396478808502,0.6114324605267618,15.907402396616499,1.2228649210535236,0.3695782548761465,0.00039999999999999996,1.0842976478407196
mean_reversion,0.05,4.0,0.5,0.8,35.0,2.0,-3139.0570077067987,9.931976389212736,-4.454723332216559,3324.619457065475,1780.0,0.5510862567620805,3.384600449399451,0.6708596469363215,27.251425713982478,1.341719293872643,0.3712864471874375,-0.0008,1.145687913050636
mean_reversion,0.05,4.0,0.5,0.8,50.0,2.0,-3211.728408191062,13.230865336967653,-3.401362383953167,3393.8434703405446,2067.0,0.5534015565616689,3.4372189651279133,0.7923549281887041,36.50615455662695,1.5847098563774082,0.3696938082707812,0.0046094979202335115,1.249413419359605
mean_reversion,0.05,4.0,0.9,0.4,20.0,2.0,-1578.265283454661,5.9248152301412365,-3.723998859926296,1701.598729533799,2061.5,0.6513063674878997,3.4975076238851033,1.3132302519055268,15.77024849467995,1.4591447243394398,0.39081052062017196,0.0022791546606213383,2.124425482425022
mean_reversion,0.05,4.0,0.9,0.4,35.0,2.0,-2573.4022479576483,9.906310257871768,-3.64867018020884,2881.600203665199,2367.5,0.66474068074003,3.534359777504199,1.6028000552172,25.860343450369513,1.7808889502412666,0.40128766161881524,-0.005320141203158725,2.3756521868224345
mean_reversion,0.05,4.0,0.9,0.4,50.0,2.0,-2593.758900500519,13.437826357247925,-2.695315402955506,3133.032320743103,2659.0,0.6555458564577361,3.5316078343225383,1.8290858427608585,34.37652910337339,2.0323176030675283,0.4090125137382179,0.0029645294770593755,2.5455390919513334
mean_reversion,0.05,4.0,0.9,0.8,20.0,2.0,-1301.4419135309336,5.790416093891357,-3.174090003222772,1480.7859114240946,1778.0,0.5574991763729139,3.413953689275216,1.1550125635353121,15.506890454312929,1.2833472928169931,0.39242562218653754,0.0010247767707336865,1.999930553332197
mean_reversion,0.05,4.0,0.9,0.8,35.0,2.0,-2858.814272509224,9.901955810807213,-4.080044668960758,2981.8675450566707,1955.0,0.5475387133828833,3.428329897809808,1.334773846607328,25.99444104343433,1.4830820517858812,0.3980259863530656,0.003600000000000006,2.172048285812555
mean_reversion,0.05,4.0,0.9,0.8,50.0,2.0,-4176.910928416199,13.732668116272782,-4.277284366175441,4332.610250631552,2072.0,0.5556776082002095,3.4183470013246824,1.4404241861104161,36.21135160017849,1.600471317900412,0.3952970539931228,0.006545586193846962,2.262729841160847
mean_reversion,0.05,4.0,1.3,0.4,20.0,2.0,-1071.5209238358152,6.021617519952827,-2.5104049877816794,1321.1591945772564,2269.5,0.6605285985361886,3.5385545609048137,2.1222308841606763,14.915562828612767,1.632485295508195,0.4434112096884956,0.0031769715666607147,3.2588434123738135
mean_reversion,0.05,4.0,1.3,0.4,35.0,2.0,-2294.832313778038,10.466510711043387,-3.098878144434331,2493.5673092773877,2474.0,0.6644858462513671,3.5181061542540326,2.426576501550815,25.10738479651034,1.8665973088851922,0.4551510178196523,-0.004027238545682952,3.5171635715479503
mean_reversion,0.05,4.0,1.3,0.4,50.0,2.0,-3646.7845761115295,14.966645609061654,-3.4324944382644182,3791.8016586667873,2615.5,0.6709530022099017,3.540465238477849,2.6169936478178597,34.973144220197725,2.0130720367828974,0.4640715368329193,0.0076457973641164585,3.661270051525677
mean_reversion,0.05,4.0,1.3,0.8,20.0,2.0,-1765.7840812238337,6.075451938135931,-4.082093204993459,1909.4190908046473,1765.0,0.5447398059608802,3.4052322750166146,1.650018348847987,15.487706089928551,1.2692448837292405,0.4213040851068196,0.0004776435434776889,2.8722837257725757
mean_reversion,0.05,4.0,1.3,0.8,35.0,2.0,-2268.3870238947893,10.396627984495417,-3.0326202502413357,2427.412393571167,2069.5,0.5506084442842829,3.410478316429473,2.041789002137033,25.432694172679962,1.5706069247207823,0.43863687182114675,-0.004748132926220528,3.225068020614846
mean_reversion,0.05,4.0,1.3,0.8,50.0,2.0,-2396.2371293618608,13.656088934001062,-2.4788590500336283,2886.0927488040143,2341.0,0.5553899262911727,3.435561488718653,2.336361818403162,33.15012336671397,1.7972013987716198,0.44898932662366475,-0.006194927650310665,3.4615272462773445
mean_reversion,0.05,6.0,0.5,0.4,20.0,2.0,-1047.7457973614082,6.007647328152073,-2.4523692285188656,1291.6373282954746,1861.5,0.6552710500991894,3.567014501851845,0.9181221079932639,16.299708480344435,1.8362442159865278,0.3796146059730575,0.0,1.5972488887263485
mean_reversion,0.05,6.0,0.5,0.4,35.0,2.0,-2364.042551793241,10.080963888548327,-3.3156622148946884,2705.138739310466,2121.0,0.6595125799845687,3.545394939042195,1.158069639736168,27.066692481926374,2.316139279472336,0.38479834841642213,-0.0035,1.8322222723085884
mean_reversion,0.05,6.0,0.5,0.4,50.0,2.0,-4385.782809648548,14.08155228264221,-4.405435154886609,4824.122548610263,2225.0,0.6606895736832963,3.560148778579795,1.250517750185407,37.58076264750888,2.501035500370814,0.3887437668872921,0.004487632349631906,1.9149957148955645
mean_reversion,0.05,6.0,0.5,0.8,20.0,2.0,-1161.406012663258,5.837161399304654,-2.797668701588049,1344.8468977499817,1609.0,0.5470651823889537,3.3952242643848454,0.8024638060568408,16.13673576857109,1.6049276121136815,0.3722901907178866,0.0008235499355227205,1.496548077956609
mean_reversion,0.05,6.0,0.5,0.8,35.0,2.0,-2454.1109618427945,10.076942338536162,-3.426715685488711,2828.9130590747804,1813.0,0.5624574686866368,3.414050334776238,0.990355075262493,27.007574652058178,1.980710150524986,0.3850405182325214,-0.0032754729065853426,1.69620063028283
mean_reversion,0.05,6.0,0.5,0.8,50.0,2.0,-3346.7533754779447,14.121481425176686,-3.3350745985067736,3714.8890444461276,1953.0,0.5566852071551177,3.407127870016237,1.1073762437999046,37.54770763647167,2.2147524875998092,0.3847414075646348,-0.0015,1.802937487225817
mean_reversion,0.05,6.0,0.9,0.4,20.0,2.0,-626.0574155673849,6.240955363169485,-1.4128016216138888,960.6239653291711,2021.0,0.6562143872328319,3.533397607084292,1.840387418402171,15.805590389959796,2.044874909335799,0.43344327553576484,-0.0022554284147566755,3.055582847883121
mean_reversion,0.05,6.0,0.9,0.4,35.0,2.0,-1867.8732353188364,10.757383209611948,-2.4450447267841615,2022.0493926513207,2272.0,0.6669425089025147,3.5120676416181906,2.241481614222662,26.27308975012849,2.4905351269141534,0.4527007938687354,-0.0018454964095024424,3.4240930590207084
mean_reversion,0.05,6.0,0.9,0.4,50.0,2.0,-4053.4396792532516,15.28363154686639,-3.7500353141418574,4298.621652005113,2359.0,0.6708111646744189,3.519116567048929,2.3738597126669774,37.146661100270435,2.637621902963404,0.45371912986799817,0.008999999999999996,3.538271283199498
mean_reversion,0.05,6.0,0.9,0.8,20.0,2.0,-844.496754805248,6.169949228719386,-1.946147958876577,1019.2765094947815,1690.0,0.5475745464772976,3.4050584032014513,1.5565917724683083,15.874447070296977,1.7295464138537129,0.42144202173961476,0.0014399999999999999,2.8153627734767523
mean_reversion,0.05,6.0,0.9,0.8,35.0,2.0,-1590.4737526007202,10.446512593110333,-2.159632351691441,1917.7232974075346,1977.5,0.5560020735565574,3.3964682120181156,1.9723810319657138,25.83898683294522,2.1915344799619745,0.4411330629353631,0.0050590925952741315,3.2187651961363057
mean_reversion,0.05,6.0,0.9,0.8,50.0,2.0,-3012.8061107660124,14.737247442469414,-2.8705162609938517,3233.515305264216,2085.0,0.5588279734809792,3.4032960707284285,2.115353921483159,35.873159900011956,2.3503932460924792,0.4416424166145265,1.734723475976807e-18,3.3436028245262017
mean_reversion,0.05,6.0,1.3,0.4,20.0,2.0,565.0155187520902,6.816914521031081,1.1736122688847468,423.32686105625714,2219.0,0.6562041918477561,3.50302960278367,3.0265593906956436,15.165574012695647,2.328122608227483,0.5204121879391155,0.002253473022987686,4.740103159102336
mean_reversion,0.05,6.0,1.3,0.4,35.0,2.0,-745.1635410695939,12.051521170709913,-0.8651903064020555,1611.7372361268806,2426.5,0.6712006293728319,3.5276673907995484,3.5324927319990946,25.34308585883167,2.717302101537872,0.5512365873122924,0.0026658792972326295,5.183855340666341
mean_reversion,0.05,6.0,1.3,0.4,50.0,2.0,-1491.1944025538448,17.056653160256516,-1.2165575432885276,2669.7190590080554,2625.0,0.6757249253265736,3.5426803671142237,3.8984827295616418,34.67604349021698,2.9988328688937043,0.5636776250336881,-0.0022992052071688094,5.461933732818103
mean_reversion,0.05,6.0,1.3,0.8,20.0,2.0,-651.7255282500734,6.699309397722617,-1.3592303535317398,967.264569409973,1709.5,0.5498425476740717,3.4014388153360313,2.3347499312317344,15.784494232031932,1.795961485562899,0.4916738977679783,0.0049318751229077236,4.16939202439165
mean_reversion,0.05,6.0,1.3,0.8,35.0,2.0,-1178.0225642621608,11.561435111021314,-1.4132601588660343,1917.1293346362006,2037.0,0.5613874881156113,3.405082288221176,2.944639951422897,25.557151834743326,2.265107654940755,0.5171543130514212,0.0031378182030157974,4.728112025919248
mean_reversion,0.05,6.0,1.3,0.8,50.0,2.0,-206.87500296159317,15.353144389351161,-0.19000984664859955,1706.926387773444,2413.0,0.5696048423559907,3.389421442951315,3.570441693428802,31.884505418125592,2.7464936103299578,0.5435036016076402,0.0009704884472570971,5.227757647161987
mean_reversion,0.12,2.0,0.5,0.4,20.0,2.0,-2013.5354131918311,4.693068267123797,-6.067230497601613,2136.2178832938057,2878.0,0.665117267718832,3.5297391676870715,0.5452368699856116,13.153549751020186,1.0904737399712232,0.3608621677551444,0.0007588171062944525,0.7312801677449913
mean_reversion,0.12,2.0,0.5,0.4,35.0,2.0,-1999.0498784853094,7.202118049904161,-3.92330962820242,2234.0335534340575,3224.0,0.6831750232907925,3.5323560174003865,0.626533944442561,19.980812281953312,1.253067888885122,0.36102160817866913,-0.00032426319973221355,0.7878320192290631
mean_reversion,0.12,2.0,0.5,0.4,50.0,2.0,-2622.1499801907335,9.665225950958085,-3.832894337488045,2801.5355554721646,3300.5,0.686901905689556,3.530509282312665,0.6484407421438008,26.573280740506362,1.2968814842876015,0.3635407285377987,0.0016009111372066627,0.8027090400055308
mean_reversion,0.12,2.0,0.5,0.8,20.0,2.0,-1908.6303499084092,4.570116144847535,-5.830304956958329,1942.88918403234,2507.5,0.5746602372436865,3.407443478115529,0.47571911029024505,12.754908572589459,0.9514382205804901,0.36101470111595596,-0.0007388281469375329,0.6832878629644855
mean_reversion,0.12,2.0,0.5,0.8,35.0,2.0,-1279.6120152073174,6.897718419593996,-2.568956532383118,1478.8136498715069,2759.5,0.5797406249881323,3.393542882601011,0.5378758198970752,19.201281094504495,1.0757516397941504,0.3609534212411323,0.00015165213281936483,0.730319956445438
mean_reversion,0.12,2.0,0.5,0.8,50.0,2.0,-2044.630559500814,9.089833339142313,-3.147787489936813,2273.997772337615,2838.5,0.5862430147786724,3.401787552709038,0.5594179658237786,25.14460072785547,1.1188359316475571,0.3615672434792937,0.0018263740020738341,0.7461090322913426
mean_reversion,0.12,2.0,0.9,0.4,20.0,2.0,-1993.5488173187882,4.721114288448247,-5.973434472130437,2061.500302549225,2959.5,0.6694970128620263,3.564200370958557,1.0069393062528924,12.832611162166913,1.1188214513920476,0.372727838949396,0.0014400000000000033,1.3332667078030944
mean_reversion,0.12,2.0,0.9,0.4,35.0,2.0,-3522.1976530537636,7.818097384558868,-6.3685920236087785,3626.3053687522975,3112.5,0.671382466162973,3.5268448881545367,1.089096034971138,21.145918523085676,1.21010670552342,0.3746580099882159,-3.9372183481855335e-05,1.3937466358668438
mean_reversion,0.12,2.0,0.9,0.4,50.0,2.0,-3501.3189832445655,9.929944817767929,-4.988690477396225,3737.79690245906,3348.0,0.6979251195938223,3.5581883945960704,1.1836927589144888,26.53640244797306,1.3152141765715766,0.3753869632379238,-0.00016494235751894452,1.4552573783567941
mean_reversion,0.12,2.0,0.9,0.8,20.0,2.0,-1746.5983851790306,4.7078855928316585,-5.248641298520964,1837.4819825983864,2529.5,0.5654440407795398,3.425807558306522,0.8658459370821485,12.53514887954431,0.9620510412023475,0.3762691121548688,-0.0003513783339840684,1.2375880151615721
mean_reversion,0.12,2.0,0.9,0.8,35.0,2.0,-1996.8121088445232,7.036843969444375,-4.034306168253147,2122.3529543053673,2778.0,0.5816609238974786,3.3987063749080892,0.9732507481341716,19.18596834894052,1.0813897201490261,0.3737923044426981,0.0019262553522273692,1.3176575524423324
mean_reversion,0.12,2.0,0.9,0.8,50.0,2.0,-2385.777926493922,9.032990276258612,-3.639549458069724,2698.9989866191468,2881.5,0.5909112362891286,3.415382542317814,1.0179334565199838,24.32529773806068,1.1310371739110339,0.3745155714802477,0.004594606695834972,1.3491125119183456
mean_reversion,0.12,2.0,1.3,0.4,20.0,2.0,-1636.7042569901187,4.569072783290194,-5.065809394751162,1713.9139546390138,3098.0,0.6814720306805966,3.540470515841611,1.5228745225314115,12.141842927976125,1.1714419404087213,0.3887900517229632,0.0023249916683857107,1.970985052739684
mean_reversion,0.12,2.0,1.3,0.4,35.0,2.0,-3027.436695029016,7.618506404935706,-5.607885698163349,3130.949225514366,3206.5,0.6824656941344633,3.540829309743638,1.6194893544592932,19.94600056316225,1.2457610418916958,0.3895125829900168,0.0016460438970222952,2.0415612925614317
mean_reversion,0.12,2.0,1.3,0.4,50.0,2.0,-2865.2669453300196,9.674428859177766,-4.152956974657316,2968.9441797850172,3395.0,0.6978859038590618,3.5273545176883556,1.7334878644039973,25.122525343080632,1.3334522033876088,0.39487966662952284,0.002467608138919731,2.116164010237282
mean_reversion,0.12,2.0,1.3,0.8,20.0,2.0,-1773.9233563470495,4.710229002538666,-5.327846030031049,1878.1709392579394,2582.5,0.571066809728309,3.394892061376834,1.2711236515124043,12.514544780166572,0.9777874242402793,0.3861496311099499,-0.00024972798308404726,1.8015786648061742
mean_reversion,0.12,2.0,1.3,0.8,35.0,2.0,-2340.226125082987,7.132203441751354,-4.640949025382379,2483.4144185047658,2788.5,0.5842514256818285,3.4232570892849976,1.4069220119634833,18.96951686792112,1.0822477015103251,0.3853720648454475,0.0027269215300020425,1.9033573346945913
mean_reversion,0.12,2.0,1.3,0.8,50.0,2.0,-2233.4362482821834,9.197657527058496,-3.3019552375808443,2582.186981212207,2907.5,0.5930645981148736,3.4140853892338807,1.4853779390955935,23.574895890403354,1.1425984146888628,0.3912451515040418,0.009318229350969296,1.9590556769680827
mean_reversion,0.12,4.0,0.5,0.4,20.0,2.0,-1355.243456820509,4.939382661656872,-3.8803580808233624,1463.7186092134707,2757.5,0.6650182482282497,3.5535476008894884,0.9721436042037546,13.522518210333184,1.9442872084075091,0.3745310053896691,-0.0006152846549448668,1.3635442965150342
mean_reversion,0.12,4.0,0.5,0.4,35.0,2.0,-2945.9132478545316,8.387121175200514,-4.965857675971172,3173.4291184819604,2938.0,0.6684508434141805,3.5254933731942315,1.1015837299041689,22.57499234272528,2.2031674598083377,0.3781242721795267,0.0011041901841579403,1.4678927889058282
mean_reversion,0.12,4.0,0.5,0.4,50.0,2.0,-4052.545907453774,11.14177536990488,-5.13138080004628,4260.669207468491,3083.0,0.6762708149953633,3.5257266250857886,1.1811766313144998,30.36402837019083,2.3623532626289996,0.37768636251160403,0.002295772635358878,1.5255171685471656
mean_reversion,0.12,4.0,0.5,0.8,20.0,2.0,-1246.8878614536598,4.903961648406911,-3.584237218244481,1323.782263844344,2380.0,0.5592022176888077,3.415043588811672,0.8462620136584179,13.39606149313546,1.6925240273168358,0.3745390718364067,-0.0006128408079984069,1.273765421512247
mean_reversion,0.12,4.0,0.5,0.8,35.0,2.0,-2935.9442184974428,8.062884502993032,-5.146130313157776,3119.776681932423,2561.5,0.5784062298424852,3.414807648082287,0.9663211719911379,21.779353074789615,1.9326423439822757,0.37331534460889976,0.0010281896957062458,1.3764322075971975
mean_reversion,0.12,4.0,0.5,0.8,50.0,2.0,-3664.480321414515,11.020915592544458,-4.703485433406517,3899.1956832546225,2631.0,0.5700975081256772,3.3894444737532803,1.0093585271433962,30.01176436208349,2.0187170542867925,0.37371133305788773,0.000668010764205232,1.4109362366316711
mean_reversion,0.12,4.0,0.9,0.4,20.0,2.0,-1248.9042197006954,5.121805865559613,-3.401962405822451,1325.4351514848327,2884.0,0.6732763326938307,3.529453818279894,1.8384797488477447,13.073661297014393,2.042755276497411,0.4082771114642484,-3.996429460017582e-05,2.5167055876395232
mean_reversion,0.12,4.0,0.9,0.4,35.0,2.0,-3083.14168801131,8.684505882601057,-5.023106372809329,3262.5402256279376,2989.0,0.674219942979932,3.523995050159307,2.0193451194268164,21.893296140247827,2.2437167993630185,0.4174966622736874,0.002819432535176652,2.6654589586654787
mean_reversion,0.12,4.0,0.9,0.4,50.0,2.0,-5222.47152874066,12.50287994344298,-5.90619320284465,5399.248716126169,3039.0,0.6716652850432114,3.5384827033915927,2.081624081578596,31.116668887069284,2.312915646198319,0.4166459737989345,0.0009073903307298759,2.7143836513226045
mean_reversion,0.12,4.0,0.9,0.8,20.0,2.0,-1136.2106835060981,5.0215875684532225,-3.2057346088094003,1190.083275779484,2451.5,0.5680684775625846,3.4266451875476798,1.5862629562686124,12.92536706119169,1.762514395853953,0.40556788471620797,-0.000232932014609247,2.3436269875806346
mean_reversion,0.12,4.0,0.9,0.8,35.0,2.0,-2406.8737058417264,8.30798912095677,-4.099124335693169,2618.545849718903,2598.0,0.5700611220993117,3.415629599454759,1.7546130477304624,21.253108055307642,1.9495700530337632,0.4090316781883482,0.0009511214450914103,2.485560805697
mean_reversion,0.12,4.0,0.9,0.8,50.0,2.0,-4640.898395458339,12.031518725573996,-5.460434796593655,4836.492957304314,2612.5,0.5691462302555041,3.401502504842415,1.8005533952297856,30.271935064891032,2.00061488358856,0.4110930285143286,0.0041588861081286715,2.5261326515249474
mean_reversion,0.12,4.0,1.3,0.4,20.0,2.0,-949.9485599736787,5.428997128970064,-2.4747664252316395,1115.5654967575251,2946.0,0.6758639781586132,3.5486061356744294,2.739333696475364,12.678427551021674,2.1071797665194314,0.46455544176124963,0.004117530049052343,3.7000371032093793
mean_reversion,0.12,4.0,1.3,0.4,35.0,2.0,-1964.483889936101,9.39316702684826,-2.961529229060245,2207.4580650210874,3142.5,0.6796705408478714,3.518108386257595,3.082795914794368,20.9545536172268,2.3713814729186264,0.47661553991438743,-0.0027997299148084936,3.9626174297765226
mean_reversion,0.12,4.0,1.3,0.4,50.0,2.0,-2111.6275550629234,12.465453919218525,-2.38985535113172,2540.045536396873,3309.5,0.691902213240692,3.5338039070782776,3.311490164103062,27.20574294119562,2.547300126232982,0.48368072304144094,0.0066136858951503785,4.12232398073194
mean_reversion,0.12,4.0,1.3,0.8,20.0,2.0,-1284.0527598754015,5.2768237188475124,-3.4420907302519,1351.7358392206988,2486.5,0.5743581150312511,3.4204252561004482,2.315843838772326,12.816054981394057,1.7814183375171362,0.4442049285352987,-0.0006265176746846281,3.401826430391744
mean_reversion,0.12,4.0,1.3,0.8,35.0,2.0,-3395.5490375485624,9.561011020228552,-5.028196048242205,3480.9740090426694,2496.5,0.5535291997238417,3.410368134843253,2.4339599886356735,22.355988556920025,1.8722769143350821,0.4580663084687492,0.0026439839685353655,3.518068231601845
mean_reversion,0.12,4.0,1.3,0.8,50.0,2.0,-3567.6193044387383,12.567194930049403,-4.017342698202874,3720.155250202925,2696.5,0.5772845792618861,3.3928445317731297,2.7106275068137613,28.595847602772675,2.0850980821643494,0.4669748436896827,0.009460282055243048,3.7329459313462747
mean_reversion,0.12,6.0,0.5,0.4,20.0,2.0,-1440.9703102220556,5.461478196398931,-3.7331488580449355,1609.1428423989332,2555.5,0.651530686859167,3.5117173058464255,1.2629441007517266,14.422136188996895,2.525888201503453,0.39072791510887506,-0.00022493079381254687,1.8769272454426305
mean_reversion,0.12,6.0,0.5,0.4,35.0,2.0,-2692.34619082864,9.031716245387141,-4.21611474515031,2968.103802389047,2828.0,0.6689436371469977,3.5476552019061374,1.5291524715553688,23.315604071497745,3.0583049431107376,0.3971754971919921,-1.2471347208076536e-06,2.1036771231894495
mean_reversion,0.12,6.0,0.5,0.4,50.0,2.0,-3748.8817406531625,12.209277186261055,-4.346754007794451,3926.1057271445497,2989.5,0.6724071261085209,3.5489384352987168,1.6728518049002767,31.404409250064546,3.3457036098005535,0.39905311436214547,0.002183804537827166,2.2128960967694313
mean_reversion,0.12,6.0,0.5,0.8,20.0,2.0,-1160.7419980005334,5.255010318962344,-3.109298637151144,1318.0572797013251,2231.5,0.5534169549640917,3.4162309693136645,1.1139696314999343,14.092279631439347,2.2279392629998687,0.3856776723002486,0.0019034647144426913,1.7654911034745993
mean_reversion,0.12,6.0,0.5,0.8,35.0,2.0,-2626.3256451529487,8.74806705362386,-4.244795863526294,2807.901402339143,2390.0,0.562551718162111,3.3958512553224285,1.2989944521709962,23.159612053163336,2.5979889043419924,0.3904982703833517,0.0011193812835563848,1.9398282179665367
mean_reversion,0.12,6.0,0.5,0.8,50.0,2.0,-3387.7063724128557,11.935657094449944,-4.020798594160927,3677.615858999996,2544.0,0.566759864561333,3.397319185363318,1.4245195603951308,31.42187606196802,2.8490391207902617,0.3916119222703477,0.002859027726273135,2.042509370085841
mean_reversion,0.12,6.0,0.9,0.4,20.0,2.0,-138.37072787822177,5.5915827321596225,-0.3305857827139403,522.9509823756393,2815.5,0.6701846323393217,3.519726384508152,2.5567523608444516,13.37525998802241,2.8408359564939305,0.4588421452418212,-0.002308116803239585,3.5985655691926413
mean_reversion,0.12,6.0,0.9,0.4,35.0,2.0,-1419.9456090298202,9.772679693951787,-2.055569130365559,1721.5450492714567,3012.0,0.6797088800698813,3.527486944484145,2.947424139968154,22.19580645928402,3.274915711075859,0.47661212509375467,0.003807027702382026,3.920703537572922
mean_reversion,0.12,6.0,0.9,0.4,50.0,2.0,-3903.6786526475094,14.410758747474738,-3.824707027144952,4213.667869180806,2956.5,0.6630629543118001,3.52396205856866,2.9926731184849014,32.28390020908083,3.3251923538722536,0.47929187325656836,0.0027315689431078533,3.975677534514732
mean_reversion,0.12,6.0,0.9,0.8,20.0,2.0,-491.883325942171,5.558600162885224,-1.2489109616027738,723.0968212884038,2362.0,0.5649923261539096,3.4359798589076522,2.172417944831109,13.474511190607977,2.4137977164790825,0.444516031379873,0.0013864274859731573,3.321645510514721
mean_reversion,0.12,6.0,0.9,0.8,35.0,2.0,-1264.897503521562,9.60038075911799,-1.8666557983994663,1720.6972161780511,2560.5,0.571222252615225,3.4150483520243897,2.54080008670448,22.075285209706443,2.823111207449533,0.4642177619611375,0.000764197316251346,3.6480694801222437
mean_reversion,0.12,6.0,0.9,0.8,50.0,2.0,-3049.288385114045,13.16787259068942,-3.276514988670937,3527.4512608587265,2615.5,0.5731273811400255,3.4160262278759776,2.6495300951510883,30.29099513784994,2.943922327945769,0.4660235430284253,0.0030781723753881564,3.740036397760027
mean_reversion,0.12,6.0,1.3,0.4,20.0,2.0,887.0991720471774,6.452644246373101,1.9440534543626407,381.760028560701,2910.5,0.6689319563685046,3.532118581941271,3.935270942273844,13.047488619165104,3.027131494056926,0.5575906495097102,0.004420000000000004,5.396803838101745
mean_reversion,0.12,6.0,1.3,0.4,35.0,2.0,-574.5791968001536,11.170652815938546,-0.726424779991967,1298.0308611230123,3037.5,0.6782607011309651,3.5211385039677783,4.394650347267644,21.55476208429904,3.380500267129122,0.5832114053661384,0.00509293840635389,5.780150943475925
mean_reversion,0.12,6.0,1.3,0.4,50.0,2.0,-723.7678844295897,15.759631052204501,-0.608061132149813,2094.44734023858,3211.0,0.6823129623465469,3.5300321461533146,4.767204049697449,29.01653135744796,3.6670800382290025,0.6023019042625003,-0.0015867383188753212,6.04670173987655
mean_reversion,0.12,6.0,1.3,0.8,20.0,2.0,482.28802925377994,6.011483750330574,1.1343882289156375,469.2517325066781,2452.0,0.567310011307331,3.4216613515226246,3.353698872085537,12.871601920157262,2.5797683631428097,0.5324238220573534,0.0026921266687371243,4.992683312618524
mean_reversion,0.12,6.0,1.3,0.8,35.0,2.0,-980.3991761259455,10.868457933370198,-1.215363567727356,1825.4396020587599,2564.0,0.5658241164673481,3.408286421202891,3.6955563329129775,21.679310908146924,2.842735640702406,0.5505703806401363,0.004130839564338332,5.294113938284674
mean_reversion,0.12,6.0,1.3,0.8,50.0,2.0,-1723.2700561691488,14.972447385117395,-1.6326173667133443,2506.822374082881,2693.0,0.5772710291920131,3.417199009415458,3.9953029188923432,28.811330613374714,3.073309937609634,0.5662579549228883,0.009871591739618917,5.533842207574168
mean_reversion,0.25,2.0,0.5,0.4,20.0,2.0,-1337.7603127401744,3.2820045603372647,-5.777359005561289,1401.481658695315,3524.0,0.7107693672056028,3.538351667776346,0.6616318541608206,9.081067574975998,1.3232637083216412,0.36283378562497837,-0.00010281926108777384,0.8045745315839942
mean_reversion,0.25,2.0,0.5,0.4,35.0,2.0,-2164.2007875006307,4.979812814205399,-6.058023973581616,2238.7616519727494,3619.5,0.7271649887162557,3.5457970316840735,0.6996666883626199,13.774599919722482,1.3993333767252398,0.364112611509914,0.0005463078098080771,0.8317094249746315
mean_reversion,0.25,2.0,0.5,0.4,50.0,2.0,-2666.5849205957543,6.311723296249038,-5.939896998565384,2783.547686922743,3661.5,0.7334664325041538,3.5230630603127677,0.7160249098625848,17.61594063652285,1.4320498197251696,0.3612487452980635,0.00028421283713934715,0.8431805971115579
mean_reversion,0.25,2.0,0.5,0.8,20.0,2.0,-1163.5553121864791,3.1553156230706785,-5.196285793757812,1180.465517156395,3044.0,0.6139577475331303,3.415460421974368,0.5747076256925476,8.716171491884705,1.1494152513850953,0.3642490148382868,-0.0002579769436950812,0.7504736649107426
mean_reversion,0.25,2.0,0.5,0.8,35.0,2.0,-1848.305800327833,4.73382523008595,-5.529335881452425,1894.6181139062126,3097.5,0.620803603599261,3.396069237860843,0.5992587599556002,12.93020608323659,1.1985175199112004,0.3669460746314944,0.000955232630295619,0.7697336633586687
mean_reversion,0.25,2.0,0.5,0.8,50.0,2.0,-1607.559675902784,5.382575594929172,-4.225037447763009,1655.1325661569563,3200.0,0.640128025605121,3.408035570358647,0.6278515480963958,14.947750021095782,1.2557030961927915,0.3649474783651686,0.001178055825128507,0.7897084506335768
mean_reversion,0.25,2.0,0.9,0.4,20.0,2.0,-1621.8106272377868,3.3551545983079025,-6.826524638783145,1684.421762241076,3534.0,0.7126419543700604,3.5483819173433853,1.1881342891075701,9.060342784160515,1.320149210119448,0.3760092507775036,-7.072344765052668e-05,1.445059232840341
mean_reversion,0.25,2.0,0.9,0.4,35.0,2.0,-2276.0293048447365,5.0218373698609655,-6.41701514608974,2331.311106145515,3627.0,0.7286085660971862,3.5335237846549763,1.2613300340510447,13.525415390540463,1.4014778156121874,0.3755018489083033,2.126647716805825e-05,1.497744858811037
mean_reversion,0.25,2.0,0.9,0.4,50.0,2.0,-2979.9897532321647,6.480498109979319,-6.491760086617434,3042.1509717642098,3684.5,0.737858248931343,3.5554686995898255,1.2945533262031708,17.33554922145417,1.4383925846701007,0.3764062363705871,0.0027560650002981745,1.5202123384879438
mean_reversion,0.25,2.0,0.9,0.8,20.0,2.0,-1375.2049542373763,3.15825165448584,-6.157132975391409,1394.7287953198538,3045.0,0.6145815187767396,3.408127051165383,1.029641704951281,8.549825222699013,1.1440463388346989,0.375137411452931,-0.00027631589836786823,1.346917094059098
mean_reversion,0.25,2.0,0.9,0.8,35.0,2.0,-1965.1758972331227,4.702947686863056,-5.855571246224583,1991.4479599429042,3122.0,0.6257110352673493,3.4166767409940038,1.0807878089728677,12.580112752327182,1.2008753433031223,0.3755328488578935,0.0016052301794156323,1.3856242475384883
mean_reversion,0.25,2.0,0.9,0.8,50.0,2.0,-1899.7018680580934,5.610068478211062,-4.7928516495730245,1953.0454067410728,3186.0,0.6373274654930986,3.4023621955932075,1.1192309430631933,14.996187001033066,1.2435899367368113,0.37909913374326804,0.0036945591625654937,1.4138371243216619
mean_reversion,0.25,2.0,1.3,0.4,20.0,2.0,-1529.312859757545,3.328024616125922,-6.486804746580784,1551.9038906674998,3576.0,0.7199365893124374,3.5262029228079137,1.7447254063656685,8.583728549661146,1.3420964664350528,0.3930345846736173,-0.0006229602329208013,2.105603657921642
mean_reversion,0.25,2.0,1.3,0.4,35.0,2.0,-2092.4619573384957,4.809453711291301,-6.150141746926074,2131.805302159458,3676.5,0.7363348722395006,3.539912940007196,1.8390990352202516,12.51292606836785,1.4146915655539494,0.3952320881776201,0.000953182442310377,2.1716774833939443
mean_reversion,0.25,2.0,1.3,0.4,50.0,2.0,-2557.6567856957927,6.278734157249869,-5.748101082307039,2597.7629279413068,3706.5,0.7414482896579315,3.5395920276350146,1.884204877913131,15.991241746806573,1.4493883676253887,0.3957871980870097,0.0019044758624528425,2.2050392400034458
mean_reversion,0.25,2.0,1.3,0.8,20.0,2.0,-1415.3017956137105,3.1940838882904643,-6.265421610575121,1431.7019854196571,3026.5,0.6096912305649437,3.415277137802399,1.4773046409362043,8.322995123046832,1.1363881853354894,0.3910951396971031,-0.00045433213446247436,1.937616995760742
mean_reversion,0.25,2.0,1.3,0.8,35.0,2.0,-2114.0940264199717,4.831086620893351,-6.165458315769414,2125.4623135369325,3125.0,0.6265045936236693,3.398087210922675,1.5668996747083437,12.553916094089058,1.205307442083279,0.39337642845607923,0.0026092767552694405,2.005891723402243
mean_reversion,0.25,2.0,1.3,0.8,50.0,2.0,-1788.7649961073598,5.461353695585641,-4.636121332206152,1861.9847586200992,3199.0,0.6399279855971194,3.4045807718484564,1.624704005379113,14.091253375462944,1.2497723118300186,0.39533865110191935,0.0024463604939013762,2.0465093084607897
mean_reversion,0.25,4.0,0.5,0.4,20.0,2.0,-1019.6018915463109,3.8698496447403823,-3.721192126054807,1074.023078276046,3391.0,0.6978092073001863,3.551343612251544,1.1830570781916063,10.266557417199362,2.3661141563832127,0.3797279253474586,0.0013256780367308012,1.5001713573075697
mean_reversion,0.25,4.0,0.5,0.4,35.0,2.0,-2369.7995744439686,6.030166697736735,-5.564298361603116,2427.604189160936,3496.0,0.7058254958837824,3.5466513400391126,1.2996917733356184,16.182568477876757,2.5993835466712367,0.3800433387409967,-0.0007015036745837122,1.5920593997051928
mean_reversion,0.25,4.0,0.5,0.4,50.0,2.0,-4121.888179083144,8.266085366566985,-7.052245563924981,4212.330791322836,3546.0,0.7145596247020068,3.542910416510428,1.3453647082145839,22.25399444419032,2.6907294164291677,0.38038027127893725,-0.0010874763324285426,1.625867410525051
mean_reversion,0.25,4.0,0.5,0.8,20.0,2.0,-1511.5190442346513,3.8933495501190274,-5.4919650346465545,1550.2171448467286,2858.0,0.5884833250725766,3.41101133856003,1.000680346994561,10.454655593736579,2.001360693989122,0.3781797943873084,-0.00042683612083030766,1.381623450412743
mean_reversion,0.25,4.0,0.5,0.8,35.0,2.0,-1864.8138247905242,5.761809045459023,-4.557718198547978,1932.6175618167533,3018.0,0.6099441795009946,3.3851962905973556,1.1189828665314994,15.325590374860148,2.2379657330629987,0.3791120185334249,0.0005374494103746471,1.4762231673716157
mean_reversion,0.25,4.0,0.5,0.8,50.0,2.0,-2814.52787789593,7.35886659105862,-5.399685625207009,2940.1412176478093,3058.0,0.6137406604696114,3.4005300312773046,1.1651196139381619,19.758470167156723,2.3302392278763238,0.37971534533977724,0.001046995778163432,1.5138322036105742
mean_reversion,0.25,4.0,0.9,0.4,20.0,2.0,-1061.7326393767148,4.014633758020916,-3.7473682492573506,1207.6697050316538,3430.0,0.7014990797674321,3.533671361144328,2.1599437929848957,9.917085700439507,2.399937547760877,0.41966110573965887,0.0019933933791302033,2.7211576882936734
mean_reversion,0.25,4.0,0.9,0.4,35.0,2.0,-2478.6205924687065,6.680493643438133,-5.230375815624454,2547.8125155918883,3531.5,0.7126607485637826,3.557539833189714,2.367133400595455,16.05273926390464,2.630148222883692,0.4264260493899614,0.0007711628204176871,2.8829881107017723
mean_reversion,0.25,4.0,0.9,0.4,50.0,2.0,-2770.2915285808313,8.22672825679704,-4.757344599019172,2841.922326662687,3626.0,0.7292862422397233,3.528184233933797,2.480395472256636,19.821017278170643,2.7559949691738788,0.4262648678439269,0.0006766480249566253,2.9619296874698975
mean_reversion,0.25,4.0,0.9,0.8,20.0,2.0,-1413.3944303221617,4.017154134996097,-4.97710563410601,1533.2651127297904,2910.5,0.594562425364767,3.389503262648791,1.8372478549566544,10.057263571699028,2.041386505507308,0.41406836652941437,-0.001470080133443385,2.510354236090969
mean_reversion,0.25,4.0,0.9,0.8,35.0,2.0,-2211.823977251288,6.142512092869861,-5.092312373657586,2326.673931522717,3031.5,0.6130861297937202,3.401083284837502,2.03092101794686,15.111562613139778,2.256578908829733,0.41838257281604596,-0.0007341170999342941,2.6700424862824113
mean_reversion,0.25,4.0,0.9,0.8,50.0,2.0,-2743.2144169787935,8.17367188599693,-4.734186655578858,2794.5573895548746,3066.5,0.6155787168657438,3.4046557179493124,2.09723680855616,19.74236476980853,2.330263120617836,0.4221125882489697,-0.00013919535141271961,2.7237562649098486
mean_reversion,0.25,4.0,1.3,0.4,20.0,2.0,-882.713108059538,4.447606545016187,-2.773654735189526,1073.0348081204002,3462.5,0.704618793424366,3.521936735508363,3.1852752262031037,9.700370661158697,2.4502117124638056,0.4796361765206816,0.001756821205743444,3.9831277897704886
mean_reversion,0.25,4.0,1.3,0.4,35.0,2.0,-1560.620127186056,6.862375957331292,-3.2178628759121044,1682.3318311935598,3603.0,0.724730407400736,3.5361899801658483,3.5012614970603444,14.588747615870169,2.693278074661646,0.4921667609222615,-0.000937064676207474,4.216941657926585
mean_reversion,0.25,4.0,1.3,0.4,50.0,2.0,-1583.877148648159,8.561429910545666,-2.6090800148277578,1677.021552757394,3694.5,0.7404429480273564,3.534273061181527,3.659182285220754,17.598984272209798,2.8147556040157875,0.496782216091033,0.003868841106911471,4.327901518099116
mean_reversion,0.25,4.0,1.3,0.8,20.0,2.0,-891.1281023860299,4.262255217362892,-2.89796326784979,1033.758567950453,2964.5,0.6014317271641827,3.390753763510996,2.739513508331436,9.53303879556702,2.1073180833317986,0.467768386325491,0.0015100087987361967,3.6934354740829796
mean_reversion,0.25,4.0,1.3,0.8,35.0,2.0,-2113.1605509219535,6.748803039357818,-4.427246151186213,2228.5838961546724,3015.5,0.6080508524535804,3.4005705919851437,2.9404535530946285,15.0075845279252,2.2618873485342297,0.4713246615275286,0.0024438594953678935,3.8668263409346615
mean_reversion,0.25,4.0,1.3,0.8,50.0,2.0,-2217.0496926142087,8.917594518783503,-3.5164565200191884,2389.472626566511,3087.0,0.6196915612545486,3.427929290704891,3.0708217077301576,18.990215858964625,2.3621705444076944,0.48357686777716447,-5.055923683386192e-06,3.9668961231061104
mean_reversion,0.25,6.0,0.5,0.4,20.0,2.0,-605.8597026190506,4.232441381490574,-2.0086691499351073,852.378970010467,3314.5,0.6886932087411536,3.5261038322301204,1.6056238295483398,10.946543424856053,3.2112476590966796,0.3977833637313764,0.0003659024240996019,2.1086210825892326
mean_reversion,0.25,6.0,0.5,0.4,35.0,2.0,-1912.0215861344727,6.719099484598376,-4.028151333670541,2047.1075208651027,3422.0,0.7004436633367267,3.535643677106931,1.8279660028586524,17.211577870637377,3.655932005717305,0.3990886007448936,0.001678813747798314,2.294439504611364
mean_reversion,0.25,6.0,0.5,0.4,50.0,2.0,-3369.756711198287,9.362507679435756,-5.091363880410267,3542.6801474982194,3497.0,0.7082279649284725,3.5554377023558503,1.933706302410066,23.412566388783585,3.867412604820132,0.40504932601867,-0.0007509893822091016,2.374477596063678
mean_reversion,0.25,6.0,0.5,0.8,20.0,2.0,-760.5090778997809,4.136131568360854,-2.5953778267186487,1023.9977282000578,2804.5,0.5848168141900003,3.418431819815419,1.3779550419105484,10.848106379836373,2.755910083821097,0.3921322962115241,-0.0007582058112993593,1.9557663163169243
mean_reversion,0.25,6.0,0.5,0.8,35.0,2.0,-2630.4905621692997,6.766693032262233,-5.494150186855307,2887.72835939877,2915.0,0.5957367599044465,3.392556523283491,1.5627210536378526,17.538000930075313,3.1254421072757053,0.3979530191586108,-0.0008460376027275401,2.12124540804186
mean_reversion,0.25,6.0,0.5,0.8,50.0,2.0,-2108.059066158317,8.327474856925443,-3.5683962783631906,2254.190121265956,3041.0,0.6135385453410742,3.387463785229013,1.6976597170212004,21.364861057816213,3.395319434042401,0.40301529225024657,0.0008171045484465368,2.2285156624291496
mean_reversion,0.25,6.0,0.9,0.4,20.0,2.0,349.42518181253115,4.6226790248534595,1.0692302393872528,339.51963169315377,3353.5,0.6884629920371774,3.5449632902499424,3.037648735630129,10.401681317051832,3.3751652618113788,0.47549113097227014,0.0005841884094083314,3.91121130380564
mean_reversion,0.25,6.0,0.9,0.4,35.0,2.0,-352.84746646070835,7.543273064101827,-0.6504355862314289,744.1731188886315,3506.0,0.7075681438420816,3.5189128370149447,3.4187888368991763,15.895855838954272,3.798654263221423,0.49532885804728843,0.0006080012119950349,4.220842900556556
mean_reversion,0.25,6.0,0.9,0.4,50.0,2.0,-1165.0322457229813,9.826916578079716,-1.6777324073106719,1697.0935753769363,3578.5,0.7198139399765655,3.5355767133866136,3.59578927783131,20.51622395686184,3.9953214198126408,0.4993513760753048,-0.0023101217692295386,4.351920324395136
mean_reversion,0.25,6.0,0.9,0.8,20.0,2.0,-592.2088813469074,4.645316014522711,-1.7511601905442458,905.6419501021564,2855.0,0.5892018540388628,3.4142895682191035,2.568820590022435,10.65300256690138,2.8542451000250244,0.46158214415362797,-0.001531127257976818,3.5990476669335205
mean_reversion,0.25,6.0,0.9,0.8,35.0,2.0,-988.0861759784793,7.1648091245824395,-1.8996454643124863,1284.667770065097,2995.0,0.6086690095707823,3.4027411414385726,2.9231472990256155,15.716877111666705,3.2479414433619276,0.4789368122221501,0.003280723222999751,3.9008927716549744
mean_reversion,0.25,6.0,0.9,0.8,50.0,2.0,-2010.9666718157189,9.709891579914238,-2.9284815676735865,2276.104914393786,3050.0,0.6142385948518405,3.402747432733587,3.0718782696739533,21.04799836581549,3.413198077415653,0.4798102450831903,0.0011521679061761315,4.024456259607174
mean_reversion,0.25,6.0,1.3,0.4,20.0,2.0,1360.0773711984857,5.339591358907789,3.6002821962678206,260.8308134783713,3425.0,0.6993624140087555,3.5300735535160452,4.600998972284005,10.027216624623293,3.5392299786801615,0.5895873747645539,0.0009430805350895851,5.829017880992691
mean_reversion,0.25,6.0,1.3,0.4,35.0,2.0,744.7240575417707,8.879718925310353,1.2020058996512568,657.3816969195067,3537.5,0.7148576588025632,3.5267998029116776,5.086739710863917,15.552965898578558,3.912876700664759,0.614913077471813,-0.0016358941794078874,6.210788949864062
mean_reversion,0.25,6.0,1.3,0.4,50.0,2.0,-122.48584672612452,11.947457184233734,-0.11003583994460014,1087.261892672282,3595.0,0.7241469561003977,3.5454788826016834,5.297566033810247,20.23405996189006,4.075050795238882,0.6248555586666753,0.002682108578367445,6.367512931096096
mean_reversion,0.25,6.0,1.3,0.8,20.0,2.0,1055.522573676446,5.089721434621483,2.951194605515431,259.1473581760894,2916.5,0.5951536376242489,3.3991635146930257,3.9099485967464114,10.050640265187708,3.0076527667281256,0.5604987392104199,0.00046860122270498636,5.3702465157701855
mean_reversion,0.25,6.0,1.3,0.8,35.0,2.0,544.5951910007016,8.207839683371152,0.9361626056867697,623.2767400898281,3032.0,0.6119689870019951,3.4194225584961986,4.332414166962061,14.986635471654008,3.3326262822786656,0.5839210957849559,0.003540828356585976,5.722176673749253
mean_reversion,0.25,6.0,1.3,0.8,50.0,2.0,-538.2862521503587,11.081336636457074,-0.6619784305413983,1517.7314292006047,3057.5,0.613949083431198,3.416367936860052,4.5073737337837825,19.862948033348033,3.467210564449234,0.5887483404923929,-0.0013507902817046858,5.870526827339871
trend_following,0.05,2.0,0.5,0.4,20.0,2.0,999.5729261973494,3.085607052982814,4.589899717892144,111.50108722706699,3545.0,0.7091418283656732,3.529890324061986,0.5077544597831123,8.55341494168481,1.0155089195662246,0.3631296886229137,-0.0005695691973923693,0.6660736797580535
trend_following,0.05,2.0,0.5,0.4,35.0,2.0,1516.487870870471,5.292126655166246,4.054835275842284,226.7913033095358,3565.5,0.713242648529706,3.5524452703278997,0.618144854429693,14.614829385481105,1.236289708859386,0.3648758204006778,-0.0014345767337343115,0.7663046120063629
trend_following,0.05,2.0,0.5,0.4,50.0,2.0,1612.8492745465444,7.09042087245847,3.2195525822531263,252.07183781697967,3603.0,0.7207441488297659,3.5539547874835935,0.6711947526797652,19.847400629568728,1.3423895053595305,0.3642752078247736,-0.002698159253415219,0.8090526852429167
trend_following,0.05,2.0,0.5,0.8,20.0,2.0,860.1428455745622,2.9832456422652527,4.033414707748751,125.39147788214729,3069.0,0.6139227845569113,3.3924129434673898,0.45279855820792236,8.213349155481259,0.9055971164158447,0.36538798914065274,-0.00014920099985478983,0.6331533013321738
trend_following,0.05,2.0,0.5,0.8,35.0,2.0,1224.0819730942317,5.1675841821000965,3.3510414049876704,211.78920003739472,3088.0,0.6177235447089418,3.4186187187131054,0.5501255802944951,14.097638192329672,1.1002511605889902,0.36505188338342176,-0.0008234603549622869,0.72642179376992
trend_following,0.05,2.0,0.5,0.8,50.0,2.0,950.813899305662,6.82183768516254,1.975931715652695,486.50595592808054,3108.5,0.6218243648729745,3.4227087871736366,0.5823200785616152,18.567347662681108,1.1646401571232303,0.36635437138617954,-0.001597805059504212,0.7548733402855421
trend_following,0.05,2.0,0.9,0.4,20.0,2.0,778.4099760775107,3.223326225651296,3.425952982493553,171.66169118163344,3525.5,0.7052410482096418,3.5284012034540284,0.9224269245161214,8.780852970317701,1.0249188050178792,0.37130800140541564,0.0001633572496080065,1.2112000876832765
trend_following,0.05,2.0,0.9,0.4,35.0,2.0,991.374046914493,5.791699691682497,2.420128277937901,248.17033667679266,3541.5,0.7084416883376675,3.5380844201458768,1.1414162197661748,15.451205467078456,1.2682402441845722,0.37924099573637504,-0.002757088461572119,1.4062252584608368
trend_following,0.05,2.0,0.9,0.4,50.0,2.0,448.36970548791874,7.696739426750629,0.8275650213748942,464.3806911863752,3582.5,0.7166433286657332,3.550151974624854,1.2234938540720206,20.907746198615563,1.3594376156355004,0.37563540220112523,0.0010316653664650395,1.4706847402086072
trend_following,0.05,2.0,0.9,0.8,20.0,2.0,844.6271052053823,3.220887773121416,3.6866862289663183,175.09224653480396,3017.0,0.6035207041408281,3.395864715805019,0.8164356119142845,8.63739190369947,0.907150679904733,0.373141823455286,0.001044956119889049,1.1474570543923623
trend_following,0.05,2.0,0.9,0.8,35.0,2.0,908.2501001548804,5.543414440440143,2.33635678494771,410.07973023530934,3029.0,0.6059211842368473,3.4129106392390343,0.9801100068544184,14.788313533101503,1.0890111187270821,0.3744544692216707,-0.00018754794236546868,1.3034936591981272
trend_following,0.05,2.0,0.9,0.8,50.0,2.0,523.4617521749981,7.510387772495802,0.9850244147068575,591.4750817791376,3072.0,0.6145229045809162,3.401663076659948,1.0514780887961934,19.99900203922751,1.1683089875512653,0.3789076595644125,-0.0023517766319575205,1.3641565689832993
trend_following,0.05,2.0,1.3,0.4,20.0,2.0,933.0882099771845,3.622724797485238,3.645559539158816,165.31562608176216,3500.5,0.7002400480096019,3.5305799949956898,1.3658099737203806,9.497730276180093,1.0506230567079542,0.3888185289813839,0.0002974145072477225,1.785431585573921
trend_following,0.05,2.0,1.3,0.4,35.0,2.0,-246.65448744501077,6.358978125707605,-0.5444846106096453,808.9079678152084,3514.0,0.7029405881176236,3.5568101408171042,1.6745399367850657,16.180792731190618,1.2881076436807501,0.39666956942451626,-0.0006684677217988571,2.0560456390288433
trend_following,0.05,2.0,1.3,0.4,50.0,2.0,-872.1114773838553,8.580500888713278,-1.4416281157828301,1402.685648093542,3557.0,0.7115423084616923,3.5370186757324067,1.7811092011798586,22.12093121127015,1.3700840009074984,0.39607186175880316,0.007845190693990764,2.1378274960429424
trend_following,0.05,2.0,1.3,0.8,20.0,2.0,437.89445000419795,3.4143206451316472,1.7927260443527797,218.05361000630683,3020.5,0.6042208441688337,3.3748603830487673,1.2169084189742598,8.896118701853236,0.9360833992109481,0.3862202489256923,0.0023084522423904,1.695852241974325
trend_following,0.05,2.0,1.3,0.8,35.0,2.0,350.8398002996364,6.079126845626911,0.8284819788378426,685.0515780927021,2999.5,0.6000200040008001,3.4148116974611957,1.4362770373127094,15.709072140691045,1.1048284902404988,0.3934512431003572,-0.0002766273176016431,1.905702223297063
trend_following,0.05,2.0,1.3,0.8,50.0,2.0,-1308.6789321253966,8.260344126167773,-2.2375536040611945,1567.4975787090561,3032.5,0.606621324264853,3.4281308782642164,1.5274256119730527,21.20525133897862,1.1749427784407511,0.395426467122037,0.001952748152676513,1.982753542775873
trend_following,0.05,4.0,0.5,0.4,20.0,2.0,1321.2716436183255,3.2022048982228886,5.833599473142703,97.46729716763966,3524.5,0.7050410082016403,3.522829370075078,0.638237887740421,8.829387573302977,1.276475775480842,0.3673679161885897,-0.0001585712237077142,0.9259722984233095
trend_following,0.05,4.0,0.5,0.4,35.0,2.0,1676.5815905460322,5.6586168139804585,4.196859701413347,280.0399852463761,3546.0,0.7093418683736747,3.516770718277982,0.9720139863746479,15.487002270414669,1.9440279727492957,0.37290217219720423,0.00015754732494919615,1.2917560344551247
trend_following,0.05,4.0,0.5,0.4,50.0,2.0,2492.344542449532,8.427006172048756,4.190538418697332,305.8435591396693,3505.5,0.7012402480496099,3.5356810517435324,1.130659286023545,22.478783151502334,2.26131857204709,0.37997914855993487,-0.0004996089139401967,1.4456336124992992
trend_following,0.05,4.0,0.5,0.8,20.0,2.0,992.1466257070738,3.094041303479231,4.450966934012186,131.62171406492664,3046.0,0.6093218643728746,3.396814345919542,0.5866940235745015,8.484407551280219,1.173388047149003,0.36800295378207326,7.498608353357695e-05,0.9097928839381098
trend_following,0.05,4.0,0.5,0.8,35.0,2.0,1598.4045730638657,5.5849529243977365,4.014548072017287,239.49825383249697,3024.0,0.6049209841968394,3.3998131015174655,0.8590241296967386,15.029582668897952,1.7180482593934772,0.37460998130432077,2.4592295676933605e-05,1.2243832360456461
trend_following,0.05,4.0,0.5,0.8,50.0,2.0,2062.7471948836824,8.215581901171792,3.546056273036289,405.82498677104945,3001.5,0.6004200840168034,3.420809518572903,0.9990960678101823,21.78153512216098,1.9981921356203647,0.3777241654791643,0.0004180192656993251,1.3660630327468515
trend_following,0.05,4.0,0.9,0.4,20.0,2.0,1172.5561862964992,3.4665695218286823,4.7851868652995195,137.31478434306558,3497.0,0.6995399079815963,3.5447649454036814,1.192600906922228,9.207406619429527,1.325112118802467,0.38660853328526623,0.00014175572757203834,1.7302580773580198
trend_following,0.05,4.0,0.9,0.4,35.0,2.0,1428.1737925846437,6.613766945391109,3.0629411040139503,256.3942612385761,3483.5,0.6968393678735747,3.5352805636502067,1.8316306676299154,17.043072703651056,2.035145186255397,0.40543959567857035,0.0031952514596494575,2.41794477768483
trend_following,0.05,4.0,0.9,0.4,50.0,2.0,1144.626661018053,10.403426899520738,1.5233174271095011,584.7627511423034,3428.0,0.6857371474294859,3.5266969678083844,2.1228219063414384,25.604754329281057,2.358691007045933,0.4221609216565795,-0.0014422462439292608,2.695957200242807
trend_following,0.05,4.0,0.9,0.8,20.0,2.0,1049.8196955420476,3.3664794189735296,4.31938320433655,145.90356701920584,2998.0,0.5997199439887977,3.3830856313727846,1.0637673503185154,8.953820375343621,1.1819637225761217,0.38254565637979415,0.0017421862321709723,1.659925273329947
trend_following,0.05,4.0,0.9,0.8,35.0,2.0,1452.50315707127,6.620566671602907,3.0981754158580217,359.91668260814447,2930.5,0.5862172434486898,3.4024884586243873,1.6001575505955492,16.83273634018102,1.7779528339950033,0.40587936996272894,0.0005042167969938466,2.277274408363774
trend_following,0.05,4.0,0.9,0.8,50.0,2.0,505.8569794383983,9.933276557255603,0.6935303268261556,823.9077348138657,2909.5,0.5820164032806562,3.4220178269203867,1.8464590537092307,24.668044397765033,2.0516211707879446,0.41654530346933266,-0.0017605339716241656,2.5217305412695263
trend_following,0.05,4.0,1.3,0.4,20.0,2.0,1085.525043235138,3.859915991582132,3.967492323395044,97.20258323224002,3447.0,0.6895379075815162,3.555578551629983,1.7959199458556232,9.87901463246435,1.3814768814274077,0.4164601992056266,-0.0020250145063974608,2.6127294198252367
trend_following,0.05,4.0,1.3,0.4,35.0,2.0,586.6391291962452,8.226425402874945,1.0187413611552607,583.9424485912483,3372.0,0.6745349069813963,3.536536880669898,2.728355629717932,19.12996302048418,2.0987350997829557,0.4645598788919202,-0.0008482498147363692,3.60516123046217
trend_following,0.05,4.0,1.3,0.4,50.0,2.0,-3298.9649233733453,12.672795357922077,-3.6761521503438708,3714.67467754088,3342.0,0.6685337067413483,3.579213694334457,3.102838367199646,28.18486629710149,2.3867987439996146,0.48026749857121986,0.002952112237135607,3.9499145986975948
trend_following,0.05,4.0,1.3,0.8,20.0,2.0,741.9298019104308,3.7184532607125735,2.737347590533787,198.02682604472594,2963.5,0.5928185637127426,3.3880280980582658,1.6176839950310362,9.403559967097989,1.2443723038700387,0.41025765347259935,0.00020335624721960383,2.5090703200522064
trend_following,0.05,4.0,1.3,0.8,35.0,2.0,288.8341280052057,8.039076483177137,0.4713324580054889,755.6628820232884,2838.0,0.5677135427085417,3.4058762342410045,2.384925362738689,18.804093964719826,1.8345579713374134,0.4552289618098367,-0.003088257571279553,3.3945611587189934
trend_following,0.05,4.0,1.3,0.8,50.0,2.0,-2142.297105901549,11.64977431080397,-2.5970105575234883,2460.871802428407,2884.0,0.5769153830766154,3.394195188166843,2.714347455285731,26.52388527734348,2.087959580988948,0.46445882236453134,-0.008186389034460414,3.698635338948078
trend_following,0.05,6.0,0.5,0.4,20.0,2.0,1248.07152592174,3.1649345400105933,5.578991194505271,80.25616733427165,3529.0,0.7059411882376475,3.5139237218870925,0.6667436480873861,8.759755622958181,1.3334872961747721,0.3673330332205913,-0.00011478315213237162,1.0062429096636523
trend_following,0.05,6.0,0.5,0.4,35.0,2.0,2283.0812853374837,5.974239562346953,5.389341197837396,185.0253683084834,3523.5,0.7048409681936387,3.542024136391462,1.1238516923444428,15.96200440182664,2.2477033846888856,0.3843320239644039,0.0015708801816176222,1.5898904654146753
trend_following,0.05,6.0,0.5,0.4,50.0,2.0,3229.9431816838796,9.093753053501123,5.01571871038192,363.9009092473739,3498.5,0.6998399679935987,3.531525376858501,1.435385364792844,23.65625020886802,2.870770729585688,0.391685146025714,0.0015540344167452574,1.92317612940236
trend_following,0.05,6.0,0.5,0.8,20.0,2.0,1270.7734209781788,3.1702885882015774,5.565069941656478,103.94279375571216,3025.5,0.6052210442088417,3.3954091504504187,0.6006644393947869,8.677723454561743,1.2013288787895737,0.3682022324050609,0.0003024251110279927,0.9808358815478935
trend_following,0.05,6.0,0.5,0.8,35.0,2.0,1785.8554831005656,5.794411312544311,4.263546534849407,220.3493904325734,3002.0,0.6005201040208041,3.3834679320945957,0.9964635579925102,15.373201569508456,1.9929271159850204,0.37882417270677793,0.002016638495650169,1.5175949638860362
trend_following,0.05,6.0,0.5,0.8,50.0,2.0,2411.7466776381893,8.730872312386747,3.8961146986003365,303.9252432813937,2997.5,0.5996199239847969,3.392998161271497,1.2803057722025801,22.63314406076018,2.5606115444051603,0.38888885029539055,0.0015450762999056331,1.834273353764837
trend_following,0.05,6.0,0.9,0.4,20.0,2.0,1222.0323694507592,3.487114125452271,4.963800447833837,130.11808004224736,3507.5,0.7016403280656132,3.5340351935333008,1.2425157249589096,9.264542888008295,1.380573027732123,0.3910423387422485,0.0008299285589360738,1.8892358697688407
trend_following,0.05,6.0,0.9,0.4,35.0,2.0,1993.3352163940328,7.300990257391648,3.83800032634766,328.3283625160125,3433.0,0.6867373474694939,3.5289491569474603,2.166383588948526,17.881656872501516,2.407092876609518,0.4374316193999303,0.0007491069019710767,3.061582192294614
trend_following,0.05,6.0,0.9,0.4,50.0,2.0,1192.4428597152194,11.87891207655107,1.4139729806293388,803.1650393471555,3380.5,0.67623524704941,3.5221526795774745,2.8054230672370215,27.537704074319656,3.117136741374579,0.471559504428052,-0.0005760719769226596,3.720868444390301
trend_following,0.05,6.0,0.9,0.8,20.0,2.0,1136.514136555442,3.4242419939511306,4.644101441291378,135.87809135286417,2996.5,0.5994198839767954,3.399638028914408,1.124659973087892,9.028433408122497,1.2496221923198823,0.38730726046078945,0.0013475578068649018,1.8425826579766391
trend_following,0.05,6.0,0.9,0.8,35.0,2.0,1455.197963656893,7.118947258628639,2.8874201091865084,381.75425202523945,2913.5,0.5828165633126625,3.385837255457875,1.9649172907834052,17.45441987343115,2.1832414342038238,0.43270294725191194,-0.0007951239129565552,2.9619826302635683
trend_following,0.05,6.0,0.9,0.8,50.0,2.0,1406.1089747632107,11.571223584211953,1.7190103165263055,664.0120612921171,2862.0,0.57251450290058,3.3782102047778904,2.458371532104823,26.88711852348214,2.7315239245610026,0.45997205664688245,-0.0005527069149634679,3.5042646086803577
trend_following,0.05,6.0,1.3,0.4,20.0,2.0,1287.2021022448178,4.0185263779766744,4.526324561418383,135.5867096476601,3449.0,0.6899379875975196,3.518157788451962,1.9095585591084894,10.049724999295222,1.46889119931422,0.4308434478487386,-0.002152921531396612,2.930571538381634
trend_following,0.05,6.0,1.3,0.4,35.0,2.0,1532.4285886567632,9.597526900752591,2.2612992848347915,386.5748321098334,3315.5,0.6632326465293059,3.533125384920223,3.3777807442998493,20.91160150890353,2.598292880230724,0.5263702142600718,0.0024737236654768582,4.761628084653545
trend_following,0.05,6.0,1.3,0.4,50.0,2.0,-2048.062284510899,15.413228511635396,-1.8972906444989448,2540.9702546300887,3201.5,0.6404280856171234,3.518761790963667,4.017416962304943,31.23150860929726,3.0903207402347026,0.5621152638467646,-0.00017235587199961825,5.424482514956361
trend_following,0.05,6.0,1.3,0.8,20.0,2.0,843.3294447032368,3.858005985070057,3.009484012947304,144.25805851244263,2947.5,0.589617923584717,3.4049981388514827,1.7602437235840087,9.524660692549421,1.3540336335261602,0.42977396251177635,0.001178575680702604,2.895880755635246
trend_following,0.05,6.0,1.3,0.8,35.0,2.0,1179.739924375825,9.382881529527372,1.7626983266712792,515.5222403302228,2792.5,0.5586117223444689,3.3689333040256404,3.015454025980805,20.492462860579188,2.3195800199852936,0.5172383032002241,0.001143057357321088,4.554591418818559
trend_following,0.05,6.0,1.3,0.8,50.0,2.0,-2460.9416285680095,15.082163246594437,-2.3104420116704603,2841.8735544306337,2790.5,0.5582116423284658,3.4087650171257966,3.6547241062375875,30.410683622749723,2.811326235567484,0.5531019634953931,-0.0029381734265861176,5.199664293510217
trend_following,0.12,2.0,0.5,0.4,20.0,2.0,1006.9483630555744,3.410690449845857,4.171161352622764,161.0783384256842,3477.5,0.6956391278255651,3.5395220561458043,0.61367672723644,9.513306263136748,1.22735345447288,0.3622872577052555,0.000729936256364812,0.7666955655481205
trend_following,0.12,2.0,0.5,0.4,35.0,2.0,1586.8594653975924,5.5840955925688665,4.007588388935825,206.15741771959287,3530.5,0.7062412482496498,3.541519595410009,0.6699493658265464,15.49799709405775,1.3398987316530928,0.36588057981479627,0.00027714814735658815,0.8112072271147956
trend_following,0.12,2.0,0.5,0.4,50.0,2.0,1128.9252286132378,6.9633239255117125,2.2787949991220677,252.62475854265085,3641.5,0.7284456891378276,3.5378167098466973,0.7079025273124419,19.380160502265184,1.4158050546248837,0.3655357916004096,-0.0011663416144476319,0.837199563770536
trend_following,0.12,2.0,0.5,0.8,20.0,2.0,1000.3931395251652,3.4320822319014432,4.122132138625121,113.54793790555203,2978.5,0.5958191638327666,3.383507533248741,0.5309869966417001,9.331481969485473,1.0619739932834003,0.3666528447306957,-2.3075423051313712e-05,0.7138124356613995
trend_following,0.12,2.0,0.5,0.8,35.0,2.0,1280.5596467189944,5.306802395079142,3.3930550658133978,288.30281220371694,3043.0,0.6087217443488697,3.401183506887068,0.5802480563728849,14.459241952187497,1.1604961127457698,0.3666163658747664,-4.9111564799601034e-05,0.7555525063968407
trend_following,0.12,2.0,0.5,0.8,50.0,2.0,1335.707925426371,6.812885064433651,2.7815756708451707,281.01986216430186,3095.5,0.6192238447689538,3.416289890077969,0.6025075026583002,18.69337951236013,1.2050150053166004,0.36631343303699054,-0.0006839109234156478,0.7727109421665783
trend_following,0.12,2.0,0.9,0.4,20.0,2.0,1058.7818815291796,3.757648584544099,3.973382509471648,131.4062980789773,3448.5,0.6898379675935187,3.5461198897370947,1.107086862962915,10.15200540633576,1.2300965144031757,0.3750054220464839,0.00029561277730179953,1.3845673713480835
trend_following,0.12,2.0,0.9,0.4,35.0,2.0,1147.1984905272448,6.033130731108065,2.6983738672647704,297.5837845726204,3542.0,0.7085417083416683,3.5473179161531263,1.2192006277419054,16.183470345073268,1.3546673641575935,0.3780807756654575,-0.0010726073625283543,1.4707590480047008
trend_following,0.12,2.0,0.9,0.4,50.0,2.0,30.895581659611707,7.494599143339271,0.05311654267644944,648.0498413773296,3606.0,0.7213442688537708,3.5381430939326055,1.273900695759389,20.07715838491987,1.4154452175103445,0.37838755663794954,0.001110481424304369,1.5094261204281791
trend_following,0.12,2.0,0.9,0.8,20.0,2.0,987.7819442483164,3.6781528073889884,3.7647184457064733,180.01029529487403,2924.5,0.5850170034006801,3.366857496958691,0.949694564467465,9.839174274404836,1.0552161827415811,0.3737595546543273,-0.001468559743418754,1.2841026441883565
trend_following,0.12,2.0,0.9,0.8,35.0,2.0,780.6368233889368,5.658269490036317,1.9529384474765306,311.6485503584098,3020.0,0.6041208241648329,3.429308989061405,1.0466589231318078,15.070242181427709,1.1629543590352807,0.37633380140145734,0.0016847849895494178,1.3642547330380228
trend_following,0.12,2.0,0.9,0.8,50.0,2.0,378.94523680489806,7.283736929626889,0.7380685006050853,735.0472348871228,3073.0,0.6147229445889177,3.414069626260421,1.0824191963477006,19.38650164203213,1.2026879959418229,0.3777311202883831,0.0014882785719769816,1.3907830186001606
trend_following,0.12,2.0,1.3,0.4,20.0,2.0,-204.9149209464802,3.902996707662901,-0.740836684125022,419.53801378589765,3446.0,0.6893378675735147,3.530362042914586,1.6415597137930775,10.120249179567798,1.2627382413792232,0.39209591760575935,-0.002922796676406488,2.0352971469436607
trend_following,0.12,2.0,1.3,0.4,35.0,2.0,-931.3007508771523,6.541140941680661,-2.0196319030831633,1166.0809430936515,3528.0,0.705741148229646,3.5354715641757717,1.7788839275239607,16.383353522084896,1.3683722519414232,0.4007784699857527,-0.0026545834654871617,2.1398077093784447
trend_following,0.12,2.0,1.3,0.4,50.0,2.0,-822.7394590360223,8.503336802698769,-1.3961242426332052,1136.5977394695824,3525.0,0.7051410282056412,3.538168211498861,1.806445419941669,21.665569485346257,1.3895733999550406,0.4019061752768483,-0.00414661718727672,2.1619669317035366
trend_following,0.12,2.0,1.3,0.8,20.0,2.0,487.5035569945022,3.9354674631822757,1.7400691934846033,286.58052261589455,2900.0,0.580116023204641,3.395022534367457,1.377989502633818,10.248591119356641,1.0599919251028966,0.3935159024453013,-0.003429353675024896,1.8655168467199776
trend_following,0.12,2.0,1.3,0.8,35.0,2.0,272.00310065426254,6.274013386918145,0.6084661380755945,682.4792713403394,2994.0,0.5989197839567914,3.424568978769546,1.5083748687961642,16.055439879575975,1.1602883606123768,0.39424325237954916,0.00021834684707227854,1.9691738867444382
trend_following,0.12,2.0,1.3,0.8,50.0,2.0,-156.74134826997062,8.032360427388797,-0.271872605861179,997.8956934943096,3043.5,0.6088217643528706,3.4261275230904644,1.554410078260969,20.44940366457803,1.1957000602006826,0.3971675562419489,-0.0037917216354721468,2.00424961293785
trend_following,0.12,4.0,0.5,0.4,20.0,2.0,1280.5311155602385,3.9918589140652934,4.513595588568976,210.973943481942,3412.5,0.6826365273054611,3.5171439101969506,0.9962684825885055,10.800247365400628,1.992536965177011,0.374099798075918,0.001053797070197968,1.3316555929697471
trend_following,0.12,4.0,0.5,0.4,35.0,2.0,2009.089933374902,6.804708476230198,4.148911958895553,268.8263040084063,3426.5,0.6854370874174835,3.5267472377308158,1.1947576649603024,18.101929993898153,2.389515329920605,0.3787409431035548,0.00018783204837914214,1.5099362382305614
trend_following,0.12,4.0,0.5,0.4,50.0,2.0,1637.8213439100025,9.12162938345764,2.5336315967141774,425.522031360337,3514.5,0.7030406081216243,3.524354267876073,1.3022241282360276,24.079820550441813,2.6044482564720552,0.3810486067376757,-0.0012109309025730905,1.5933579018173798
trend_following,0.12,4.0,0.5,0.8,20.0,2.0,1388.043997387226,3.8942958472116964,4.981915590339745,140.85783775682518,2878.5,0.5758151630326065,3.3982420110303946,0.85248946353855,10.631397978680978,1.7049789270771,0.37131062827336164,-0.0013193378755555836,1.2355172674321908
trend_following,0.12,4.0,0.5,0.8,35.0,2.0,1745.5325932837363,6.570530018391349,3.749115277834887,286.88809421351664,2906.0,0.5813162632526505,3.395757980243104,1.028143194121037,17.450198842652995,2.056286388242074,0.3797140381094438,-0.0008314088470106225,1.403962378255502
trend_following,0.12,4.0,0.5,0.8,50.0,2.0,2190.099718274062,8.907228122576456,3.4681184851473184,529.9707294373886,2979.0,0.5959191838367673,3.422671945574323,1.1107990453524703,23.826568263081988,2.2215980907049406,0.3803245735255949,0.0024280716644456187,1.4722181192313966
trend_following,0.12,4.0,0.9,0.4,20.0,2.0,858.9872895869279,4.593317593043686,2.640279537795738,231.32527972134943,3350.0,0.670134026805361,3.5201804183278953,1.8251831033976167,11.68749229697816,2.0279812259972774,0.4113552174672371,0.0012583399538600342,2.445287530739453
trend_following,0.12,4.0,0.9,0.4,35.0,2.0,379.30296962047237,7.879182133993128,0.6783146544160825,439.76421801456047,3372.0,0.6745349069813963,3.555772364384217,2.193728295248472,19.53400710545914,2.437475883609287,0.41967527429997625,0.0009576349906571828,2.763423461940311
trend_following,0.12,4.0,0.9,0.4,50.0,2.0,-427.4316242017509,11.186128203752062,-0.5411084583624566,1006.4208996502591,3395.0,0.6791358271654331,3.5450351215223117,2.3104136989667587,26.909709206529136,2.5671263321851434,0.43008048526824294,-0.0016053086818652437,2.8599495397578503
trend_following,0.12,4.0,0.9,0.8,20.0,2.0,1203.0927632212292,4.460492357880586,3.788523768757887,145.65170469144329,2826.5,0.5654130826165233,3.385952571243788,1.555536382997991,11.509721947599854,1.7283737588866068,0.4031135127261056,-6.108826594589502e-05,2.2602032228162408
trend_following,0.12,4.0,0.9,0.8,35.0,2.0,1181.190946583009,7.579120261990352,2.1863115040236027,443.8071946485642,2824.5,0.56501300260052,3.426326315696281,1.8276274361019493,19.131427056855713,2.0306971512243015,0.4126378928096981,0.0006278625378629229,2.5211595850377835
trend_following,0.12,4.0,0.9,0.8,50.0,2.0,-139.94628358122475,10.523934109441118,-0.19191420467318085,817.7167121550738,2921.5,0.5844168833766753,3.4127407286097986,2.00122854267687,25.55309475692485,2.2235872696408556,0.4211817217122415,-0.004102730240474727,2.662438329611633
trend_following,0.12,4.0,1.3,0.4,20.0,2.0,970.7942087696318,5.369449217295004,2.5476536523241906,250.72936893147556,3209.5,0.6420284056811363,3.5477774028880527,2.5817565217681837,12.706629647952141,1.98596655520624,0.45737405148603316,-0.002568320389034846,3.5194440063415717
trend_following,0.12,4.0,1.3,0.4,35.0,2.0,-358.7707591923912,9.528252802100956,-0.5278830012081438,1247.0816513746904,3256.5,0.6514302860572114,3.5496031800913483,3.0545360922126052,21.374301319979523,2.3496431478557387,0.4769600105465994,0.005081600962002298,3.9275146093606113
trend_following,0.12,4.0,1.3,0.4,50.0,2.0,-3204.0142797210374,13.163079627414476,-3.4461281202953895,3345.9351800547392,3338.5,0.6678335667133426,3.5580387791143515,3.290129248196017,28.549340055728777,2.5308686524583344,0.4892312587600478,-0.0010694915337470827,4.106571957827393
trend_following,0.12,4.0,1.3,0.8,20.0,2.0,603.3800330217786,5.176501159908565,1.6493947516558363,400.62207592653704,2764.5,0.5530106021204241,3.3991318330263915,2.2821109249121463,12.339801188310137,1.7554699422400817,0.44638065332089655,-0.00044648193451623966,3.320449621697458
trend_following,0.12,4.0,1.3,0.8,35.0,2.0,-407.1678182893428,8.87506868669846,-0.64124500569442,985.5236559280287,2814.5,0.5630126025205041,3.4140260269850384,2.687959690274563,20.120470067167425,2.0676613002111277,0.46947135059212686,0.0001523490593561248,3.6914500651377646
trend_following,0.12,4.0,1.3,0.8,50.0,2.0,-3160.5535928596746,12.111341844231687,-3.716613332028521,3618.3260336074236,2875.5,0.5752150430086017,3.408265168753064,2.8559753178797442,26.777246448626343,2.1969040906766306,0.47394991300985867,0.0028120621107602917,3.826726675579004
trend_following,0.12,6.0,0.5,0.4,20.0,2.0,1898.1265373990313,4.289364373177628,6.254689849081631,169.36146963236263,3368.0,0.67373474694939,3.568663061889209,1.1770622699504854,11.50852691568549,2.3541245399009707,0.3825176105355098,0.000954430264558483,1.6847473846865841
trend_following,0.12,6.0,0.5,0.4,35.0,2.0,1877.4374902715058,7.425350979848862,3.585522093784837,349.23240217364423,3338.5,0.6678335667133427,3.5197821502212783,1.5981071432788236,19.45829466303053,3.1962142865576473,0.395406741705182,0.0004582466172195764,2.106235158753666
trend_following,0.12,6.0,0.5,0.4,50.0,2.0,2306.743813219855,10.849972128507357,3.0084568983968705,487.5217435754073,3341.5,0.6684336867373475,3.5070988577384905,1.756566137071816,27.574874081619235,3.513132274143632,0.4026867357241924,0.0014974249319533687,2.247042199889205
trend_following,0.12,6.0,0.5,0.8,20.0,2.0,1532.2228622786529,4.139922907905068,5.222097324453831,190.50789824489613,2815.5,0.5632126425285058,3.387092135008447,1.048146268910539,11.256275506110656,2.096292537821078,0.3787205575992434,0.0007657341376131374,1.612222031159594
trend_following,0.12,6.0,0.5,0.8,35.0,2.0,2478.193199962684,7.505577919331018,4.640118464967278,297.80119715633316,2847.5,0.5696139227845569,3.386395807541178,1.3788400605026987,19.476413972585036,2.7576801210053974,0.39364710134836606,-0.0004782758280672255,1.9613544667824403
trend_following,0.12,6.0,0.5,0.8,50.0,2.0,2295.7041417551745,10.359058744933089,3.134456048951842,532.2193759416335,2862.0,0.5725145029005801,3.3831800447609277,1.5217264940105233,26.693349709535276,3.0434529880210466,0.3981849740187283,-0.0035923570717074117,2.094388172963831
trend_following,0.12,6.0,0.9,0.4,20.0,2.0,1922.7315778459463,5.2638295763292025,5.149865226283563,149.03482785034134,3207.5,0.6416283256651331,3.5336292143625485,2.1572856081703797,12.874625905330955,2.3969840090782553,0.44405494557378355,-0.0028986559539417277,3.1373005639779574
trend_following,0.12,6.0,0.9,0.4,35.0,2.0,954.4443101786848,9.629279965118275,1.3914261555062835,572.0058431137489,3234.0,0.6469293858771754,3.543896299787688,2.8743854641229225,22.09791296320669,3.193761626803375,0.4752823532003787,0.003350017220378279,3.8321179205121885
trend_following,0.12,6.0,0.9,0.4,50.0,2.0,1146.2022711725413,13.767139430552195,1.1585432700370693,726.7757759610433,3259.5,0.6520304060812162,3.5307115369679254,3.117943199920833,30.90482104205328,3.4643813332455187,0.4837508289566441,-0.007555070191721323,4.0347086321360806
trend_following,0.12,6.0,0.9,0.8,20.0,2.0,1154.9126746081251,5.060144894177668,3.223328487605025,167.87441687154887,2731.5,0.5464092818563713,3.4203621564042956,1.9478513942901579,12.444041827671086,2.1642793269891145,0.43680919998689827,-0.0022163681663051374,3.01166244588704
trend_following,0.12,6.0,0.9,0.8,35.0,2.0,1400.0863135721702,9.390190772268557,2.1063299021839117,405.76342077790713,2758.5,0.5518103620724144,3.3690774251704827,2.4863351659976325,21.80209795166796,2.7625946288863568,0.4624925920342462,-0.003042210523865062,3.5683493795520764
trend_following,0.12,6.0,0.9,0.8,50.0,2.0,522.4452056411205,12.954912333466382,0.5703997141722832,921.461410743602,2803.5,0.5608121624324864,3.393703473386271,2.763308629704907,29.338679721554147,3.0703429218944662,0.471157401918594,0.0008284679427484998,3.80869798093071
trend_following,0.12,6.0,1.3,0.4,20.0,2.0,1819.0551708384583,6.296849018585611,4.081920091179264,155.4178663534433,3117.0,0.6235247049409882,3.547220357980713,3.1343671356028375,14.071433129310233,2.41105164277147,0.5204346104674396,-0.0005854603469751299,4.637927505140658
trend_following,0.12,6.0,1.3,0.4,35.0,2.0,-121.30014404685676,11.810486991252592,-0.14969434200604595,774.4833974128328,3143.5,0.6288257651530306,3.526094681856277,4.014516038397447,23.73849841669979,3.0880892603058614,0.5699731007538752,-0.008312212918961864,5.465314524750653
trend_following,0.12,6.0,1.3,0.4,50.0,2.0,-3373.3027163367433,17.134823823086485,-2.7844302691203295,3661.0221508198815,3202.5,0.6406281256251251,3.519424101095981,4.447934990719748,32.57021138241751,3.4214884543999737,0.585677735711039,-0.008318412782943135,5.810598231551614
trend_following,0.12,6.0,1.3,0.8,20.0,2.0,1813.122082317566,6.08757381188164,4.212052566985813,137.9591310116994,2623.0,0.5247049409881976,3.412662751088922,2.7847921190016116,13.690849447767647,2.1421477838474363,0.5055729882784741,0.001796400003825082,4.394824728595112
trend_following,0.12,6.0,1.3,0.8,35.0,2.0,-1236.209488324338,11.344406125078878,-1.5422901976410903,1516.4738984996352,2702.5,0.5406081216243248,3.407397829890351,3.579984273252263,23.052738501780983,2.753834056348002,0.5563202198667412,0.0016099629031934256,5.1743509207200535
trend_following,0.12,6.0,1.3,0.8,50.0,2.0,-2831.9380103542567,16.285525614639038,-2.4590460381860924,3202.00853070188,2777.5,0.5556111222244449,3.426302260853232,3.950507760928261,31.160346921100214,3.0388521237911066,0.5760925981372735,-0.003057295282611656,5.487345890874983
trend_following,0.25,2.0,0.5,0.4,20.0,2.0,1068.6751025467322,3.445108965433205,4.361816711502251,137.53687268118136,3483.0,0.6967393478695739,3.556190598572235,0.6517464453820598,9.486532430510085,1.3034928907641197,0.363153893047675,-0.0004343232638705732,0.798098298020941
trend_following,0.25,2.0,0.5,0.4,35.0,2.0,1528.4887204512559,5.265845503711889,4.110060588210072,189.08241454625824,3569.0,0.7139427885577115,3.5462355441969837,0.6935146089597161,14.531983204155479,1.3870292179194321,0.3652673434860916,-0.000894440048233748,0.8287669305153077
trend_following,0.25,2.0,0.5,0.4,50.0,2.0,1290.2343370543674,6.590045154353373,2.7659431862825326,250.6673522451801,3676.5,0.7354470894178835,3.5425590889883773,0.7224008035020434,18.213668459552384,1.4448016070040868,0.3649943929034415,-0.002282910754834057,0.8474248143155797
trend_following,0.25,2.0,0.5,0.8,20.0,2.0,1054.8304790423856,3.3730104018038056,4.421641003248239,135.80427699473506,2989.5,0.5980196039207841,3.400319462967515,0.5592769939307739,9.231091336557911,1.1185539878615478,0.36483323718098637,0.00036319771836047223,0.73963830900342
trend_following,0.25,2.0,0.5,0.8,35.0,2.0,1184.1755362054234,4.910132515867682,3.413626449253874,344.8552985548515,3061.0,0.6123224644928986,3.402664322251903,0.5957071842040786,13.530639924422937,1.1914143684081573,0.36645688126892256,0.00015164061729608613,0.7682324608337145
trend_following,0.25,2.0,0.5,0.8,50.0,2.0,1097.2276670405472,6.3472323200255065,2.459745892126053,297.5815499417856,3143.5,0.6288257651530307,3.3989064334636194,0.6185268936357412,17.289663885461145,1.2370537872714824,0.36846432344603397,-0.001635563814263282,0.7843594711521118
trend_following,0.25,2.0,0.9,0.4,20.0,2.0,762.2513320457081,3.627112903639093,2.968950458753183,230.82016874889072,3488.0,0.6977395479095819,3.5443775353660536,1.181933167231369,9.623298769763355,1.3132590747014472,0.3780959350677252,-0.0022696503595622474,1.4443683751623728
trend_following,0.25,2.0,0.9,0.4,35.0,2.0,582.73640302141,5.445058914383375,1.4878338437128706,261.1689310305217,3597.5,0.7196439287857571,3.5227334675313857,1.26558856721727,14.704594009008336,1.406209519130214,0.3780295379298674,-8.91805763907497e-05,1.5034761035636321
trend_following,0.25,2.0,0.9,0.4,50.0,2.0,200.77010661102975,6.849193790461305,0.41560546652421115,597.7142781950049,3687.5,0.7376475295059012,3.527306364258821,1.3091909098147054,18.25398129650528,1.4546565664606927,0.3800091012275454,-0.0035150292293315046,1.5316765025531462
trend_following,0.25,2.0,0.9,0.8,20.0,2.0,727.5039988017573,3.5180518730967156,2.9259337309207094,181.5912632859018,2952.5,0.590618123624725,3.388276358974681,1.0042164300294814,9.368299543201418,1.1157960333660344,0.3756034767170273,-0.00022911161034679258,1.331572089144029
trend_following,0.25,2.0,0.9,0.8,35.0,2.0,954.4050343557076,5.368825550033879,2.527962855907316,247.24128630910633,3062.0,0.6125225045009002,3.3887138115544975,1.07709845436846,14.080977730457018,1.1967760604093352,0.38007214567585984,-0.001190332078419391,1.3868913257383486
trend_following,0.25,2.0,0.9,0.8,50.0,2.0,797.9645797732554,6.709300492141258,1.6964055060357959,388.4667005482108,3097.0,0.6195239047809562,3.4097588172759505,1.0991452639205566,17.823058524467896,1.2212725154672168,0.3799139384671036,-0.001049321177295378,1.4030228963261333
trend_following,0.25,2.0,1.3,0.4,20.0,2.0,336.9257171021651,3.93379605220532,1.2054858426236013,243.54419751104084,3454.0,0.6909381876375276,3.5176710511360527,1.705389727493966,9.983663496435213,1.3118382519183611,0.3982677395607568,-0.00032065934642782484,2.0868745493945573
trend_following,0.25,2.0,1.3,0.4,35.0,2.0,81.55915836549457,5.958862855228904,0.20333871743446574,390.49160438120157,3557.5,0.7116423284656932,3.5643647108204344,1.8113128934368121,15.278552051362881,1.3933176103359197,0.3999296607414952,-0.006454151103012996,2.1627279499934122
trend_following,0.25,2.0,1.3,0.4,50.0,2.0,-206.5182074551917,7.43569457322953,-0.39362014049258753,653.6040020157393,3654.5,0.7310462092418484,3.5334469647394906,1.8786464232882947,18.939630666364096,1.4451126332985909,0.39769157702683156,-0.006335209105270007,2.2058075630722183
trend_following,0.25,2.0,1.3,0.8,20.0,2.0,286.8328540169964,3.7622902743670297,1.0443923418276453,414.23647286955645,2932.5,0.586617323464693,3.388166352139373,1.4529779773793905,9.728004722422947,1.1176753672148663,0.39392702663878065,-0.002002638417571512,1.9282723849212147
trend_following,0.25,2.0,1.3,0.8,35.0,2.0,399.3713495550288,5.746440820896842,0.9704930001119856,474.9179523727105,3031.5,0.6064212842568513,3.4022913653625437,1.547217719155059,14.63760956140196,1.1901674762730607,0.3981905261265849,6.885918683713344e-05,1.9998740974812192
trend_following,0.25,2.0,1.3,0.8,50.0,2.0,-32.5189560649826,7.155604835503383,-0.04459978412678789,739.1016331737846,3096.5,0.6194238847769553,3.401438268901419,1.5922300354938317,18.401956355531166,1.2247923349951884,0.39696565726881294,-0.0046502515937682995,2.0306517018475008
trend_following,0.25,4.0,0.5,0.4,20.0,2.0,1285.3375138880335,4.247818451638992,4.246233881738425,227.39201172626068,3377.0,0.6755351070214043,3.511982620193624,1.1421178346534622,11.309727890004197,2.2842356693069243,0.3802742966371113,0.001364513083850773,1.470016320530791
trend_following,0.25,4.0,0.5,0.4,35.0,2.0,1894.3954818228367,6.774144554925117,3.953208076209804,333.3310318414631,3458.5,0.6918383676735347,3.529275234212074,1.28925236515351,17.96281625128907,2.57850473030702,0.3827539088401233,-0.0015097723947914356,1.5869026347892863
trend_following,0.25,4.0,0.5,0.4,50.0,2.0,2316.793930347514,8.837219124152607,3.7026075171954482,340.7367933855659,3508.5,0.7018403680736147,3.546841347156585,1.3482420248366755,23.37011266962513,2.696484049673351,0.3820013944970373,0.0007318255742120008,1.6307860617748386
trend_following,0.25,4.0,0.5,0.8,20.0,2.0,1113.9863755515835,3.9950382615010938,3.8620420293005964,192.53284541370203,2848.0,0.5697139427885577,3.3942065884061887,0.9827995822666751,10.849811283688975,1.9655991645333502,0.37455307842614544,-0.0014403664267754867,1.3667491828847518
trend_following,0.25,4.0,0.5,0.8,35.0,2.0,1712.6460410508803,6.451837518661813,3.746453161926722,345.4069543198859,2925.5,0.5852170434086817,3.402891315720324,1.0939328756061257,17.278410072537767,2.1878657512122515,0.3786806679868241,-0.0017394817066232705,1.4620345633300884
trend_following,0.25,4.0,0.5,0.8,50.0,2.0,1785.114038005989,8.433174420220286,2.9760271913493703,422.3942885643788,2995.0,0.599119823964793,3.409285629611475,1.1546443345544062,22.384343854732634,2.3092886691088124,0.3808261128503565,0.000914020757957044,1.510204573770071
trend_following,0.25,4.0,0.9,0.4,20.0,2.0,929.0691263584871,4.79314073938202,2.7462297581930777,183.5892612343712,3278.0,0.6557311462292459,3.5547692914974265,2.03013396945296,11.984321679028879,2.255704410503185,0.4203315896099881,-0.0016656552884258664,2.64155256593667
trend_following,0.25,4.0,0.9,0.4,35.0,2.0,1324.5675403693094,7.885342244157211,2.366564825035441,427.12277139039645,3371.0,0.6743348669733946,3.532549456391525,2.2831560149030805,19.138883163697557,2.536840016558835,0.42573104602274203,0.0005906190261756924,2.839510329562158
trend_following,0.25,4.0,0.9,0.4,50.0,2.0,289.1578993096631,10.522910674326287,0.38883716045464833,717.334915979322,3449.0,0.6899379875975196,3.5337275855889647,2.3999286439439973,25.01731479196973,2.6665873821598423,0.4332479571656322,-0.0044613331417078135,2.9236362355142678
trend_following,0.25,4.0,0.9,0.8,20.0,2.0,1038.0701887750915,4.604517437873767,3.1477261667395613,166.04526891405695,2789.5,0.5580116023204641,3.4035777783959063,1.740081123173848,11.644576920807099,1.933423470193087,0.4094326671035454,-0.0008085681749268643,2.4446348966804328
trend_following,0.25,4.0,0.9,0.8,35.0,2.0,498.09179978714485,7.155102605340963,0.9769823344572375,512.6213124918991,2911.0,0.5823164632926585,3.4069389420157967,1.9866536911051367,17.863719489163778,2.207392990116709,0.4142978589863613,-0.0036467239154784753,2.6513126391661106
trend_following,0.25,4.0,0.9,0.8,50.0,2.0,460.0199861038895,9.70508754309704,0.6655252910519347,791.0080346243956,2911.0,0.5823164632926585,3.400235966995476,2.0348392007736615,23.704532707667624,2.2609324453039505,0.42338460950285217,-0.0036391516216072533,2.6931409626708107
trend_following,0.25,4.0,1.3,0.4,20.0,2.0,622.6201773889367,5.540223849141899,1.584314211671595,315.1493671085072,3258.5,0.6518303660732147,3.533763434771277,2.924377844268032,12.666398694603643,2.2495214186676193,0.4718515315186598,-0.0014769377501222493,3.8228224976295166
trend_following,0.25,4.0,1.3,0.4,35.0,2.0,415.3616486530887,9.304026790763015,0.6449911261273892,496.2298129083472,3323.5,0.6648329665933186,3.5304250854019137,3.256269109053556,20.217065671279727,2.5048223915795234,0.49012907466263567,0.0005863847975832755,4.080872072826186
trend_following,0.25,4.0,1.3,0.4,50.0,2.0,-2138.633800231012,12.53965605530302,-2.410435110978421,2423.3023004365314,3393.5,0.6788357671534306,3.5449013233561946,3.4377953734739766,26.291161006191984,2.644457979595209,0.49590878249551285,0.009593445817195982,4.210628429261717
trend_following,0.25,4.0,1.3,0.8,20.0,2.0,716.0619973582174,5.273904608443127,1.922847733114923,226.4521758530994,2752.5,0.5506101220244048,3.3866659431955757,2.4923399954658643,12.228079869464368,1.9171846118967624,0.4615540020679574,-0.0034437956727533647,3.5304530300327013
trend_following,0.25,4.0,1.3,0.8,35.0,2.0,148.9179517993607,8.53941880619366,0.23164738016841818,847.9724516141707,2871.5,0.5744148829765954,3.4051271905728293,2.835265647162159,19.108154753651537,2.180973574740029,0.4714307527742836,-0.004173701032665674,3.809321357432659
trend_following,0.25,4.0,1.3,0.8,50.0,2.0,-1107.1575233269282,11.68645589041013,-1.3462768910012053,1704.8554540676887,2924.0,0.5849169833966794,3.4183241887529974,2.969871717300129,25.091724468657578,2.284516705615374,0.4792814471032143,0.0008571038482691673,3.914893475650208
trend_following,0.25,6.0,0.5,0.4,20.0,2.0,1810.8632900525938,4.780156632145875,5.338534153061866,113.47412563799918,3240.0,0.648129625925185,3.5449567442663046,1.4596872937613772,12.547208012902058,2.9193745875227544,0.3960818185889625,-0.00109993938201426,1.9956713409241154
trend_following,0.25,6.0,0.5,0.4,35.0,2.0,1798.8313644613008,7.762642709355095,3.2770777706130527,357.45106393955393,3361.0,0.6723344668933787,3.5396231513936223,1.7870579446990362,19.792648972635618,3.5741158893980725,0.40450683708889834,0.0009173778490681339,2.271642987565592
trend_following,0.25,6.0,0.5,0.4,50.0,2.0,2193.1328114164103,10.712590833169013,2.8768027772040843,458.25537418648355,3419.0,0.6839367873574715,3.535459405038799,1.9121632668129915,26.959732298541745,3.824326533625983,0.4079593405001128,-0.0002151897978132115,2.3679782750426313
trend_following,0.25,6.0,0.5,0.8,20.0,2.0,1697.841229232769,4.612546420226814,5.170389622178275,129.65036695586883,2782.5,0.5566113222644529,3.3962710783361327,1.2656654896088981,12.237517579440587,2.5313309792177963,0.3887558581436714,0.00031189703586260715,1.859870036727465
trend_following,0.25,6.0,0.5,0.8,35.0,2.0,2457.3775850635598,7.734839714140449,4.472001166177073,277.92292781747926,2836.5,0.5674134826965394,3.383664910529547,1.5150263983796626,19.661193422285347,3.030052796759325,0.40089217082549666,0.0001480818610502695,2.093493363366373
trend_following,0.25,6.0,0.5,0.8,50.0,2.0,2120.200477704224,10.217331583583178,2.9347786483990594,720.1938822283997,2911.0,0.5823164632926585,3.3899834944144698,1.6357585295560286,25.93785487084336,3.2715170591120573,0.4001906041227775,-0.001771525545370197,2.192281777819666
trend_following,0.25,6.0,0.9,0.4,20.0,2.0,1668.9923952114282,5.75331361411164,4.100612919595994,150.73483892272304,3176.0,0.6353270654130826,3.5508301690577104,2.608044484425724,13.647566281961256,2.897827204917571,0.46733129150123215,-0.0015886469775942412,3.6099230258170905
trend_following,0.25,6.0,0.9,0.4,35.0,2.0,747.2693335792201,9.765433942796243,1.081865842505263,428.7749268860549,3274.0,0.6549309861972394,3.5574433195136272,3.1556500052303402,21.676978053169044,3.5062777835894163,0.4882313048070021,-0.0008766193767580891,4.062759167748517
trend_following,0.25,6.0,0.9,0.4,50.0,2.0,819.6642665752317,13.507554885467876,0.8593263075274751,694.8217891952695,3315.0,0.663132626525305,3.537795997482113,3.3590888059422515,29.075524829094178,3.7323208954915312,0.4957219688984856,-0.002564034956229702,4.222055940935888
trend_following,0.25,6.0,0.9,0.8,20.0,2.0,1599.8240456499552,5.4216103139554335,4.155619564117875,137.961844147116,2718.0,0.5437087417483497,3.422061511080049,2.286983410440974,13.063516295781422,2.541092678267831,0.446011451676605,0.00015552005215023414,3.387352008375304
trend_following,0.25,6.0,0.9,0.8,35.0,2.0,964.7873457300121,9.226140012328155,1.4664468246848463,401.10765198729797,2787.0,0.5575115023004601,3.391586967912885,2.702152144936602,20.88030304053042,3.0023912721519013,0.47277720837552506,0.0008020273975938871,3.7623920676859477
trend_following,0.25,6.0,0.9,0.8,50.0,2.0,1451.645085476407,12.510889247649764,1.6424220275510795,568.1731466070239,2857.5,0.5716143228645729,3.4078785319372513,2.9184493134090053,27.371950564895254,3.242721459343478,0.47762152471549063,-0.003215006506803012,3.93615045577275
trend_following,0.25,6.0,1.3,0.4,20.0,2.0,1660.2710968608176,6.822649098678664,3.4302652762951977,176.06564282516874,3116.0,0.6233246649329865,3.51248799608648,3.7181919475998506,14.27031777035507,2.8601476519999993,0.5551159058440288,0.0007538526748698943,5.219327885530362
trend_following,0.25,6.0,1.3,0.4,35.0,2.0,124.05073582001535,11.849590990162817,0.14801156943680097,767.0434560152835,3200.0,0.6401280256051209,3.5362353705190688,4.40397683462529,22.73311723928883,3.3876744881734657,0.5876530444321109,8.557427719509472e-05,5.777625960077927
trend_following,0.25,6.0,1.3,0.4,50.0,2.0,-1725.6005529380993,16.925810332627954,-1.4438262963592208,2008.3594133601946,3283.5,0.6568313662732547,3.5564526662151774,4.776666475315039,30.575925784218914,3.6743588271656176,0.6064808273908706,0.008195215438732686,6.053466203303445
trend_following,0.25,6.0,1.3,0.8,20.0,2.0,1747.838946030302,6.4813303219443785,3.814438311882686,184.12345231526666,2628.0,0.5257051410282056,3.401056851503394,3.1985767073846634,13.862260112617461,2.4604436210652,0.5314159383659001,-0.004607397329696704,4.8345339086912
trend_following,0.25,6.0,1.3,0.8,35.0,2.0,1008.6136742028555,11.258578125717053,1.2616892685635592,363.4204501098353,2735.0,0.5471094218843768,3.385847509864834,3.8028924464521854,22.030763868233297,2.925301881886421,0.5620986820020878,0.005886941082855058,5.368188034752247
trend_following,0.25,6.0,1.3,0.8,50.0,2.0,-706.7576768793106,15.3919634948158,-0.6517198845829153,1324.1347921126317,2800.0,0.5601120224044809,3.3882441517707655,4.132646779761315,29.04085200050583,3.17895906135501,0.5776017846881272,5.697284393864528e-05,5.636115434298354
